"[0.000421, 0.000421, 0.000421, 0.000421, 0.000421, 0.000421, 0.000421, 0.000421, 0.000421, 0.000421, 0.000421, 0.000421, 0.000421, 0.000421, 0.000421, 0.000421, 0.000421, 0.000421, 0.000421, 0.000421, 0.000421, 0.000421, 0.000421, 0.000421, 0.000421, 0.000421, 0.000421, 0.000421, 0.000421, 0.000421, 0.000421, 0.000421, 0.000421, 0.000421, 0.000421, 0.000421, 0.000421, 0.000421, 0.000421, 0.000421, 0.000421, 0.000421, 0.000421, 0.000421, 0.000421, 0.000421, 0.000421, 0.000421, 0.000421, 0.000421]",4,2022-02-20 07:50:54
"[0.000421, 0.000421, 0.000421, 0.000421, 0.000421, 0.000421, 0.000421, 0.000421, 0.000421, 0.000421, 0.000421, 0.000421, 0.000421, 0.000421, 0.000421, 0.000421, 0.000421, 0.000421, 0.000421, 0.000421, 0.000421, 0.000421, 0.000421, 0.000421, 0.000421, 0.000421, 0.000421, 0.000421, 0.000421, 0.000421, 0.000421, 0.000421, 0.000421, 0.000421, 0.000421, 0.000421, 0.000421, 0.000421, 0.000421, 0.000421, 0.000421, 0.000421, 0.000421, 0.000421, 0.000421, 0.000421, 0.000421, 0.000421, 0.000421, 0.000421]",4,2022-02-20 07:51:05
"[0.000421, 0.000421, 0.000421, 0.000421, 0.000421, 0.000421, 0.000421, 0.000421, 0.000421, 0.000421, 0.000421, 0.000421, 0.000421, 0.000421, 0.000421, 0.000421, 0.000421, 0.000421, 0.000421, 0.000421, 0.000421, 0.000421, 0.000421, 0.000421, 0.000421, 0.000421, 0.000421, 0.000421, 0.000421, 0.000421, 0.000421, 0.000421, 0.000421, 0.000421, 0.000421, 0.000421, 0.000421, 0.000421, 0.000421, 0.000421, 0.000421, 0.000421, 0.000421, 0.000421, 0.000421, 0.000421, 0.000421, 0.000421, 0.000421, 0.000421]",4,2022-02-20 07:51:16
"[0.000421, 0.000421, 0.000421, 0.000421, 0.000421, 0.000421, 0.000421, 0.000421, 0.000421, 0.000421, 0.000421, 0.000421, 0.000421, 0.000421, 0.000421, 0.000421, 0.000421, 0.000421, 0.000421, 0.000421, 0.000421, 0.000421, 0.000421, 0.000421, 0.000421, 0.000421, 0.000421, 0.000421, 0.000421, 0.000421, 0.000421, 0.000421, 0.000421, 0.000421, 0.000421, 0.000421, 0.000421, 0.000421, 0.000421, 0.000421, 0.000421, 0.000421, 0.000421, 0.000421, 0.000421, 0.000421, 0.000421, 0.000421, 0.000421, 0.000421]",4,2022-02-20 07:51:27
"[0.000421, 0.000421, 0.000421, 0.000421, 0.000421, 0.000421, 0.000421, 0.000421, 0.000421, 0.000421, 0.000421, 0.000421, 0.000421, 0.000421, 0.000421, 0.000421, 0.000421, 0.000421, 0.000421, 0.000421, 0.000421, 0.000421, 0.000421, 0.000421, 0.000421, 0.000421, 0.000421, 0.000421, 0.000421, 0.000421, 0.000421, 0.000421, 0.000421, 0.000421, 0.000421, 0.000421, 0.000421, 0.000421, 0.000421, 0.000421, 0.000421, 0.000421, 0.000421, 0.000421, 0.000421, 0.000421, 0.000421, 0.000421, 0.000421, 0.000421]",4,2022-02-20 07:51:38
"[0.000421, 0.000421, 0.000421, 0.000421, 0.000421, 0.000421, 0.000421, 0.000421, 0.000421, 0.000421, 0.000421, 0.000421, 0.000421, 0.000421, 0.000421, 0.000421, 0.000421, 0.000421, 0.000421, 0.000421, 0.000421, 0.000421, 0.000421, 0.000421, 0.000421, 0.000421, 0.000421, 0.000421, 0.000421, 0.000421, 0.000421, 0.000421, 0.000421, 0.000421, 0.000421, 0.000421, 0.000421, 0.000421, 0.000421, 0.000421, 0.000421, 0.000421, 0.000421, 0.000421, 0.000421, 0.000421, 0.000421, 0.000421, 0.000421, 0.000421]",4,2022-02-20 07:51:49
"[0.910904, 0.961105, 1.01279, 1.07542, 1.12631, 1.17855, 1.23749, 1.28831, 1.3482, 1.3977, 1.45336, 1.49939, 1.50018, 1.50018, 1.50018, 1.50018, 1.50018, 1.50018, 1.50018, 1.50018, 1.50018, 0.0, 0.0, 0.0, 0.0, 0.0, 0.0, 0.0, 0.0, 0.0, 0.0, 0.0, 0.0, 0.0, 0.0, 0.0, 0.0, 0.0, 0.0, 0.0, 0.036745, 0.097852, 0.14993, 0.216645, 0.270478, 0.336177, 0.389572, 0.456809, 0.51173, 0.569782]",4,2022-02-20 08:03:19
"[1.50002, 1.50002, 1.50002, 1.50002, 1.50002, 1.50002, 0.0, 0.0, 0.0, 0.0, 0.0, 0.0, 0.0, 0.0, 0.0, 0.0, 0.0, 0.0, 0.0, 0.0, 0.0, 0.0, 0.0, 0.0, 0.004139, 0.03542, 0.06698, 0.100747, 0.136262, 0.181497, 0.216416, 0.254804, 0.301682, 0.339684, 0.378529, 0.426253, 0.464586, 0.503823, 0.542261, 0.591245, 0.629745, 0.674828, 0.714326, 0.763021, 0.801802, 0.846246, 0.884744, 0.921472, 0.965919, 1.00117]",4,2022-02-20 08:05:01
"[1.12829, 1.15708, 1.18654, 1.21943, 1.24796, 1.28247, 1.31142, 1.33848, 1.37215, 1.39629, 1.42426, 1.44932, 1.4804, 1.50002, 1.50002, 1.50002, 1.50002, 1.50002, 1.50002, 1.50002, 1.50002, 1.50002, 1.50002, 0.0, 0.0, 0.0, 0.0, 0.0, 0.0, 0.0, 0.0, 0.0, 0.0, 0.0, 0.0, 0.0, 0.0, 0.0, 0.0, 0.0, 0.0, 0.005634, 0.061025, 0.108149, 0.167315, 0.218793, 0.269987, 0.334782, 0.386713, 0.474015]",4,2022-02-20 08:05:13
"[0.910836, 0.965961, 1.02797, 1.08897, 1.14891, 1.31427, 1.37205, 1.42356, 1.47271, 1.50009, 1.50009, 1.50009, 1.50009, 1.50009, 1.50009, 1.50009, 1.50009, 1.50009, 0.0, 0.0, 0.0, 0.0, 0.0, 0.0, 0.0, 0.0, 0.0, 0.0, 0.0, 0.0, 0.0, 0.0, 0.0, 0.0, 0.0, 0.0, 0.0, 0.027206, 0.098988, 0.161703, 0.237064, 0.305325, 0.372364, 0.439566, 0.511223, 0.588563, 0.657755, 0.742915, 0.812523, 0.879041]",4,2022-02-20 08:05:25
"[0.991503, 1.0605, 1.12692, 1.20599, 1.26768, 1.33175, 1.41093, 1.47303, 1.50021, 1.50021, 1.50021, 1.50021, 1.50021, 1.50021, 1.50021, 1.50021, 1.50021, 0.0, 0.0, 0.0, 0.0, 0.0, 0.0, 0.0, 0.0, 0.0, 0.0, 0.0, 0.0, 0.0, 0.0, 0.0, 0.0, 0.0, 0.0, 0.0, 0.024945, 0.115816, 0.192495, 0.264135, 0.336246, 0.427448, 0.499144, 0.578275, 0.65639, 0.745226, 0.819612, 0.909369, 0.982658, 1.05382]",4,2022-02-20 08:05:36
"[1.33793, 1.40697, 1.47317, 1.5003, 1.5003, 1.5003, 1.5003, 1.5003, 1.5003, 1.5003, 1.5003, 1.5003, 0.0, 0.0, 0.0, 0.0, 0.0, 0.0, 0.0, 0.0, 0.0, 0.0, 0.0, 0.0, 0.0, 0.0, 0.0, 0.0, 0.0, 0.0, 0.004419, 0.07649, 0.150352, 0.237405, 0.31371, 0.412606, 0.502909, 0.592696, 0.669792, 0.745372, 0.830494, 0.907446, 0.979116, 1.06626, 1.1352, 1.21732, 1.28713, 1.35048, 1.41493, 1.50011]",4,2022-02-20 08:05:47
"[0.0, 0.0, 0.0, 0.0, 0.0, 0.0, 0.0, 0.0, 0.0, 0.0, 0.0, 0.0, 0.0, 0.0, 0.0, 0.0, 0.0, 0.015078, 0.082186, 0.147313, 0.22807, 0.296827, 0.363738, 0.444481, 0.512531, 0.580451, 0.657864, 0.73846, 0.792056, 0.872304, 0.934847, 1.00968, 1.07812, 1.15484, 1.21484, 1.28891, 1.35093, 1.42357, 1.48675, 1.50017, 1.50017, 1.50017, 1.50017, 1.50017, 1.50017, 1.50017, 1.50017, 1.50017, 0.0, 0.0]",4,2022-02-20 08:07:55
"[0.0, 0.0, 0.0, 0.0, 0.0, 0.0, 0.0, 0.0, 0.0, 0.0, 0.0, 0.0, 0.0, 0.0, 0.0, 0.027302, 0.096106, 0.177581, 0.240473, 0.322363, 0.387655, 0.454691, 0.528832, 0.608502, 0.675858, 0.755061, 0.819669, 0.886151, 0.951448, 1.01511, 1.07483, 1.15435, 1.21912, 1.28951, 1.35027, 1.41746, 1.49174, 1.50025, 1.50025, 1.50025, 1.50025, 1.50025, 1.50025, 1.50025, 1.50025, 1.50025, 0.0, 0.0, 0.0, 0.0]",4,2022-02-20 08:08:06
"[0.0, 0.0, 0.0, 0.0, 0.0, 0.0, 0.0, 0.0, 0.0, 0.0, 0.0, 0.0, 0.057211, 0.13561, 0.202835, 0.268062, 0.334104, 0.402279, 0.48324, 0.551363, 0.637585, 0.707055, 0.784465, 0.86044, 0.923133, 0.998909, 1.06117, 1.15079, 1.21534, 1.2815, 1.35676, 1.42099, 1.49608, 1.50028, 1.50028, 1.50028, 1.50028, 1.50028, 1.50028, 1.50028, 1.50028, 0.0, 0.0, 0.0, 0.0, 0.0, 0.0, 0.0, 0.0, 0.0]",4,2022-02-20 08:08:18
"[0.0, 0.0, 0.0, 0.0, 0.0, 0.0, 0.0, 0.0, 0.0, 0.032767, 0.085191, 0.166124, 0.233389, 0.304712, 0.393706, 0.462965, 0.53095, 0.615004, 0.695191, 0.768298, 0.837635, 0.915612, 0.967007, 1.04455, 1.10997, 1.17322, 1.2475, 1.30996, 1.38501, 1.44683, 1.50006, 1.50006, 1.50006, 1.50006, 1.50006, 1.50006, 1.50006, 1.50006, 1.50006, 0.0, 0.0, 0.0, 0.0, 0.0, 0.0, 0.0, 0.0, 0.0, 0.0, 0.0]",4,2022-02-20 08:08:29
"[0.0, 0.0, 0.0, 0.0, 0.0, 0.0, 0.001316, 0.078831, 0.144154, 0.214184, 0.294258, 0.364008, 0.435173, 0.519595, 0.589339, 0.661315, 0.741854, 0.807108, 0.876059, 0.939263, 1.02022, 1.08436, 1.16258, 1.22487, 1.29034, 1.36562, 1.4298, 1.50009, 1.50009, 1.50009, 1.50009, 1.50009, 1.50009, 1.50009, 1.50009, 1.50009, 1.50009, 0.0, 0.0, 0.0, 0.0, 0.0, 0.0, 0.0, 0.0, 0.0, 0.0, 0.0, 0.0, 0.0]",4,2022-02-20 08:08:40
"[0.0, 0.0, 0.0, 0.0, 0.0, 0.061859, 0.134173, 0.206588, 0.277119, 0.362747, 0.435548, 0.499166, 0.575636, 0.64991, 0.718678, 0.802899, 0.870826, 0.951108, 1.01825, 1.09842, 1.16476, 1.22925, 1.29425, 1.36998, 1.43504, 1.50013, 1.50013, 1.50013, 1.50013, 1.50013, 1.50013, 1.50013, 1.50013, 1.50013, 1.50013, 0.0, 0.0, 0.0, 0.0, 0.0, 0.0, 0.0, 0.0, 0.0, 0.0, 0.0, 0.0, 0.0, 0.0, 0.0]",4,2022-02-20 08:10:04
"[0.0, 0.0, 0.027636, 0.108106, 0.164184, 0.236397, 0.304175, 0.375065, 0.461462, 0.529567, 0.598766, 0.685866, 0.754305, 0.823835, 0.892472, 0.960745, 1.02709, 1.092, 1.15367, 1.23505, 1.30151, 1.36204, 1.42956, 1.4917, 1.50023, 1.50023, 1.50023, 1.50023, 1.50023, 1.50023, 1.50023, 1.50023, 1.50023, 0.0, 0.0, 0.0, 0.0, 0.0, 0.0, 0.0, 0.0, 0.0, 0.0, 0.0, 0.0, 0.0, 0.0, 0.0, 0.0, 0.0]",4,2022-02-20 08:10:15
"[0.0693, 0.135584, 0.219312, 0.293583, 0.365896, 0.454477, 0.526575, 0.594326, 0.666405, 0.749005, 0.816482, 0.883917, 0.949944, 1.02851, 1.09525, 1.16315, 1.22505, 1.3048, 1.36709, 1.43002, 1.49652, 1.50031, 1.50031, 1.50031, 1.50031, 1.50031, 1.50031, 1.50031, 1.50031, 1.50031, 0.0, 0.0, 0.0, 0.0, 0.0, 0.0, 0.0, 0.0, 0.0, 0.0, 0.0, 0.0, 0.0, 0.0, 0.0, 0.0, 0.0, 0.0, 0.010846, 0.094411]",4,2022-02-20 08:10:26
"[0.64382, 0.726213, 0.91216, 1.09834, 1.17081, 1.23232, 1.31656, 1.39775, 1.46726, 1.50019, 1.50019, 1.50019, 1.50019, 1.50019, 1.50019, 1.50019, 1.50019, 1.50019, 0.0, 0.0, 0.0, 0.0, 0.0, 0.0, 0.0, 0.0, 0.0, 0.0, 0.0, 0.0, 0.0, 0.0, 0.0, 0.0, 0.0, 0.0, 0.0, 0.036886, 0.111417, 0.182655, 0.256321, 0.34748, 0.422314, 0.498325, 0.591271, 0.662873, 0.734638, 0.81755, 0.893309, 0.961779]",2,2022-02-20 08:17:04
"[1.17109, 1.25735, 1.36882, 1.44933, 1.5, 1.5, 1.5, 1.5, 1.5, 1.5, 1.5, 0.0, 0.0, 0.0, 0.0, 0.0, 0.0, 0.0, 0.0, 0.0, 0.0, 0.0, 0.0, 0.0, 0.0, 0.0, 0.0, 0.0, 0.0, 0.0, 0.050677, 0.12407, 0.211392, 0.285957, 0.373579, 0.4472, 0.517927, 0.6057, 0.682814, 0.770086, 0.83833, 0.92102, 1.02318, 1.12201, 1.26604, 1.36283, 1.50001, 1.50001, 1.50001, 1.50001]",1,2022-02-20 08:17:16
"[1.50001, 1.50001, 1.50001, 0.0, 0.0, 0.0, 0.0, 0.0, 0.0, 0.0, 0.0, 0.0, 0.0, 0.0, 0.0, 0.0, 0.0, 0.0, 0.0, 0.0, 0.0, 0.0, 0.016785, 0.103163, 0.177123, 0.254725, 0.343805, 0.411586, 0.484949, 0.569594, 0.63991, 0.728461, 0.800716, 0.884923, 0.955642, 1.02484, 1.09782, 1.16451, 1.23681, 1.30576, 1.38925, 1.45622, 1.50009, 1.50009, 1.50009, 1.50009, 1.50009, 1.50009, 1.50009, 1.50009]",1,2022-02-20 08:17:27
"[1.50009, 0.0, 0.0, 0.0, 0.0, 0.0, 0.0, 0.0, 0.0, 0.0, 0.0, 0.0, 0.0, 0.0, 0.0, 0.0, 0.0, 0.0, 0.0, 0.0, 0.054909, 0.139558, 0.217008, 0.287393, 0.379422, 0.458423, 0.533054, 0.607954, 0.701803, 0.775886, 0.850871, 0.922135, 1.00782, 1.08033, 1.14695, 1.21193, 1.29306, 1.35749, 1.42868, 1.50027, 1.50027, 1.50027, 1.50027, 1.50027, 1.50027, 1.50027, 1.50027, 1.50027, 1.50027, 0.0]",2,2022-02-20 08:17:38
"[1.50011, 1.50011, 0.0, 0.0, 0.0, 0.0, 0.0, 0.0, 0.0, 0.0, 0.0, 0.0, 0.0, 0.63873, 0.72593, 0.777665, 0.830814, 0.875014, 0.916193, 0.96443, 1.00382, 1.0428, 1.08886, 1.12466, 1.16554, 1.19847, 1.23708, 1.27608, 1.30759, 1.33673, 1.37281, 1.40444, 1.43859, 1.46878, 1.50003, 1.50003, 1.50003, 1.50003, 1.50003, 1.50003, 1.50003, 1.50003, 0.0, 0.0, 0.0, 0.0, 0.0, 0.0, 0.0, 0.286015]",3,2022-02-20 08:24:04
"[0.84692, 0.886346, 0.926715, 0.974334, 1.01274, 1.05047, 1.08323, 1.12363, 1.15681, 1.18941, 1.22509, 1.25559, 1.33472, 1.40671, 1.50001, 0.0, 1.36715, 1.39232, 0.0, 0.0, 0.227189, 0.453983, 0.500098, 0.567517, 0.639328, 0.754456, 0.820645, 0.859293, 0.897244, 0.933264, 0.976403, 1.01071, 1.0455, 1.07842, 1.11734, 1.15401, 1.18468, 1.21281, 1.23959, 1.31042, 1.33129, 1.36167, 1.44112, 1.46212, 1.48892, 1.5, 1.5, 1.5, 1.5, 1.5]",4,2022-02-20 08:25:10
"[1.14996, 1.14996, 1.14996, 1.14996, 1.14996, 1.14996, 1.14996, 1.14996, 1.14996, 1.14996, 1.14996, 1.14996, 1.14996, 1.14996, 1.14996, 1.14996, 1.14996, 1.14996, 1.14996, 1.14996, 1.14996, 1.14996, 1.14996, 1.14996, 1.14996, 1.14996, 1.14996, 1.14996, 1.14996, 1.14996, 1.14996, 1.14996, 1.14996, 1.14996, 1.14996, 1.14996, 1.14996, 1.14996, 1.14996, 1.14996, 1.14996, 1.14996, 1.14996, 1.14996, 1.14996, 1.14996, 1.14996, 1.14996, 1.14996, 1.14996]",4,2022-02-20 08:26:29
"[1.14996, 1.14996, 1.14996, 1.14996, 1.14996, 1.14996, 1.14996, 1.14996, 1.14996, 1.14996, 1.14996, 1.14996, 1.14996, 1.14996, 1.14996, 1.14996, 1.14996, 1.14996, 1.14996, 1.14996, 1.14996, 1.14996, 1.14996, 1.14996, 1.14996, 1.14996, 1.14996, 1.14996, 1.14996, 1.14996, 1.14996, 1.14996, 1.14996, 1.14996, 1.14996, 1.14996, 1.14996, 1.14996, 1.14996, 1.14996, 1.14996, 1.14996, 1.14996, 1.14996, 1.14996, 1.14996, 1.14996, 1.14996, 1.14996, 1.14996]",1,2022-02-20 08:27:09
"[1.14996, 1.14996, 1.14996, 1.14996, 1.14996, 1.14996, 1.14996, 1.14996, 1.14996, 1.14996, 1.14996, 1.14996, 1.14996, 1.14996, 1.14996, 1.14996, 1.14996, 1.14996, 1.14996, 1.14996, 1.14996, 1.14996, 1.14996, 1.14996, 1.14996, 1.14996, 1.14996, 1.14996, 1.14996, 1.14996, 1.14996, 1.14996, 1.14996, 1.14996, 1.14996, 1.14996, 1.14996, 1.14996, 1.14996, 1.14996, 1.14996, 1.14996, 1.14996, 1.14996, 1.14996, 1.14996, 1.14996, 1.14996, 1.14996, 1.14996]",3,2022-02-20 08:28:01
"[1.14996, 1.14996, 1.14996, 1.14996, 1.14996, 1.14996, 1.14996, 1.14996, 1.14996, 1.14996, 1.14996, 1.14996, 1.14996, 1.14996, 1.14996, 1.14996, 1.14996, 1.14996, 1.14996, 1.14996, 1.14996, 1.14996, 1.14996, 1.14996, 1.14996, 1.14996, 1.14996, 1.14996, 1.14996, 1.14996, 1.14996, 1.14996, 1.14996, 1.14996, 1.14996, 1.14996, 1.14996, 1.14996, 1.14996, 1.14996, 1.14996, 1.14996, 1.14996, 1.14996, 1.14996, 1.14996, 1.14996, 1.14996, 1.14996, 1.14996]",4,2022-02-20 08:28:27
"[1.14996, 1.14996, 1.14996, 1.14996, 1.14996, 1.14996, 1.14996, 1.14996, 1.14996, 1.14996, 1.14996, 1.14996, 1.14996, 1.14996, 1.14996, 1.14996, 1.14996, 1.14996, 1.14996, 1.14996, 1.14996, 1.14996, 1.14996, 1.14996, 1.14996, 1.14996, 1.14996, 1.14996, 1.14996, 1.14996, 1.14996, 1.14996, 1.14996, 1.14996, 1.14996, 1.14996, 1.14996, 1.14996, 1.14996, 1.14996, 1.14996, 1.14996, 1.14996, 1.14996, 1.14996, 1.14996, 1.14996, 1.14996, 1.14996, 1.14996]",3,2022-02-20 08:28:57
"[1.14996, 1.14996, 1.14996, 1.14996, 1.14996, 1.14996, 1.14996, 1.14996, 1.14996, 1.14996, 1.14996, 1.14996, 1.14996, 1.14996, 1.14996, 1.14996, 1.14996, 1.14996, 1.14996, 1.14996, 1.14996, 1.14996, 1.14996, 1.14996, 1.14996, 1.14996, 1.14996, 1.14996, 1.14996, 1.14996, 1.14996, 1.14996, 1.14996, 1.14996, 1.14996, 1.14996, 1.14996, 1.14996, 1.14996, 1.14996, 1.14996, 1.14996, 1.14996, 1.14996, 1.14996, 1.14996, 1.14996, 1.14996, 1.14996, 1.14996]",2,2022-02-20 08:30:28
"[1.14996, 1.14996, 1.14996, 1.14996, 1.14996, 1.14996, 1.14996, 1.14996, 1.14996, 1.14996, 1.14996, 1.14996, 1.14996, 1.14996, 1.14996, 1.14996, 1.14996, 1.14996, 1.14996, 1.14996, 1.14996, 1.14996, 1.14996, 1.14996, 1.14996, 1.14996, 1.14996, 1.14996, 1.14996, 1.14996, 1.14996, 1.14996, 1.14996, 1.14996, 1.14996, 1.14996, 1.14996, 1.14996, 1.14996, 1.14996, 1.14996, 1.14996, 1.14996, 1.14996, 1.14996, 1.14996, 1.14996, 1.14996, 1.14996, 1.14996]",3,2022-02-20 08:33:39
"[1.14996, 1.14996, 1.14996, 1.14996, 1.14996, 1.14996, 1.14996, 1.14996, 1.14996, 1.14996, 1.14996, 1.14996, 1.14996, 1.14996, 1.14996, 1.14996, 1.14996, 1.14996, 1.14996, 1.14996, 1.14996, 1.14996, 1.14996, 1.14996, 1.14996, 1.14996, 1.14996, 1.14996, 1.14996, 1.14996, 1.14996, 1.14996, 1.14996, 1.14996, 1.14996, 1.14996, 1.14996, 1.14996, 1.14996, 1.14996, 1.14996, 1.14996, 1.14996, 1.14996, 1.14996, 1.14996, 1.14996, 1.14996, 1.14996, 1.14996]",4,2022-02-20 08:34:50
"[1.14996, 1.14996, 1.14996, 1.14996, 1.14996, 1.14996, 1.14996, 1.14996, 1.14996, 1.14996, 1.14996, 1.14996, 1.14996, 1.14996, 1.14996, 1.14996, 1.14996, 1.14996, 1.14996, 1.14996, 1.14996, 1.14996, 1.14996, 1.14996, 1.14996, 1.14996, 1.14996, 1.14996, 1.14996, 1.14996, 1.14996, 1.14996, 1.14996, 1.14996, 1.14996, 1.14996, 1.14996, 1.14996, 1.14996, 1.14996, 1.14996, 1.14996, 1.14996, 1.14996, 1.14996, 1.14996, 1.14996, 1.14996, 1.14996, 1.14996]",4,2022-02-20 08:36:00
"[1.14996, 1.14996, 1.14996, 1.14996, 1.14996, 1.14996, 1.14996, 1.14996, 1.14996, 1.14996, 1.14996, 1.14996, 1.14996, 1.14996, 1.14996, 1.14996, 1.14996, 1.14996, 1.14996, 1.14996, 1.14996, 1.14996, 1.14996, 1.14996, 1.14996, 1.14996, 1.14996, 1.14996, 1.14996, 1.14996, 1.14996, 1.14996, 1.14996, 1.14996, 1.14996, 1.14996, 1.14996, 1.14996, 1.14996, 1.14996, 1.14996, 1.14996, 1.14996, 1.14996, 1.14996, 1.14996, 1.14996, 1.14996, 1.14996, 1.14996]",3,2022-02-20 08:37:11
"[1.14996, 1.14996, 1.14996, 1.14996, 1.14996, 1.14996, 1.14996, 1.14996, 1.14996, 1.14996, 1.14996, 1.14996, 1.14996, 1.14996, 1.14996, 1.14996, 1.14996, 1.14996, 1.14996, 1.14996, 1.14996, 1.14996, 1.14996, 1.14996, 1.14996, 1.14996, 1.14996, 1.14996, 1.14996, 1.14996, 1.14996, 1.14996, 1.14996, 1.14996, 1.14996, 1.14996, 1.14996, 1.14996, 1.14996, 1.14996, 1.14996, 1.14996, 1.14996, 1.14996, 1.14996, 1.14996, 1.14996, 1.14996, 1.14996, 1.14996]",1,2022-02-20 08:38:22
"[1.14996, 1.14996, 1.14996, 1.14996, 1.14996, 1.14996, 1.14996, 1.14996, 1.14996, 1.14996, 1.14996, 1.14996, 1.14996, 1.14996, 1.14996, 1.14996, 1.14996, 1.14996, 1.14996, 1.14996, 1.14996, 1.14996, 1.14996, 1.14996, 1.14996, 1.14996, 1.14996, 1.14996, 1.14996, 1.14996, 1.14996, 1.14996, 1.14996, 1.14996, 1.14996, 1.14996, 1.14996, 1.14996, 1.14996, 1.14996, 1.14996, 1.14996, 1.14996, 1.14996, 1.14996, 1.14996, 1.14996, 1.14996, 1.14996, 1.14996]",3,2022-02-20 08:39:32
"[1.14996, 1.14996, 1.14996, 1.14996, 1.14996, 1.14996, 1.14996, 1.14996, 1.14996, 1.14996, 1.14996, 1.14996, 1.14996, 1.14996, 1.14996, 1.14996, 1.14996, 1.14996, 1.14996, 1.14996, 1.14996, 1.14996, 1.14996, 1.14996, 1.14996, 1.14996, 1.14996, 1.14996, 1.14996, 1.14996, 1.14996, 1.14996, 1.14996, 1.14996, 1.14996, 1.14996, 1.14996, 1.14996, 1.14996, 1.14996, 1.14996, 1.14996, 1.14996, 1.14996, 1.14996, 1.14996, 1.14996, 1.14996, 1.14996, 1.14996]",1,2022-02-20 08:40:43
"[1.14996, 1.14996, 1.14996, 1.14996, 1.14996, 1.14996, 1.14996, 1.14996, 1.14996, 1.14996, 1.14996, 1.14996, 1.14996, 1.14996, 1.14996, 1.14996, 1.14996, 1.14996, 1.14996, 1.14996, 1.14996, 1.14996, 1.14996, 1.14996, 1.14996, 1.14996, 1.14996, 1.14996, 1.14996, 1.14996, 1.14996, 1.14996, 1.14996, 1.14996, 1.14996, 1.14996, 1.14996, 1.14996, 1.14996, 1.14996, 1.14996, 1.14996, 1.14996, 1.14996, 1.14996, 1.14996, 1.14996, 1.14996, 1.14996, 1.14996]",2,2022-02-20 08:41:54
"[1.14996, 1.14996, 1.14996, 1.14996, 1.14996, 1.14996, 1.14996, 1.14996, 1.14996, 1.14996, 1.14996, 1.14996, 1.14996, 1.14996, 1.14996, 1.14996, 1.14996, 1.14996, 1.14996, 1.14996, 1.14996, 1.14996, 1.14996, 1.14996, 1.14996, 1.14996, 1.14996, 1.14996, 1.14996, 1.14996, 1.14996, 1.14996, 1.14996, 1.14996, 1.14996, 1.14996, 1.14996, 1.14996, 1.14996, 1.14996, 1.14996, 1.14996, 1.14996, 1.14996, 1.14996, 1.14996, 1.14996, 1.14996, 1.14996, 1.14996]",3,2022-02-20 08:43:05
"[1.14996, 1.14996, 1.14996, 1.14996, 1.14996, 1.14996, 1.14996, 1.14996, 1.14996, 1.14996, 1.14996, 1.14996, 1.14996, 1.14996, 1.14996, 1.14996, 1.14996, 1.14996, 1.14996, 1.14996, 1.14996, 1.14996, 1.14996, 1.14996, 1.14996, 1.14996, 1.14996, 1.14996, 1.14996, 1.14996, 1.14996, 1.14996, 1.14996, 1.14996, 1.14996, 1.14996, 1.14996, 1.14996, 1.14996, 1.14996, 1.14996, 1.14996, 1.14996, 1.14996, 1.14996, 1.14996, 1.14996, 1.14996, 1.14996, 1.14996]",1,2022-02-20 08:44:15
"[1.14996, 1.14996, 1.14996, 1.14996, 1.14996, 1.14996, 1.14996, 1.14996, 1.14996, 1.14996, 1.14996, 1.14996, 1.14996, 1.14996, 1.14996, 1.14996, 1.14996, 1.14996, 1.14996, 1.14996, 1.14996, 1.14996, 1.14996, 1.14996, 1.14996, 1.14996, 1.14996, 1.14996, 1.14996, 1.14996, 1.14996, 1.14996, 1.14996, 1.14996, 1.14996, 1.14996, 1.14996, 1.14996, 1.14996, 1.14996, 1.14996, 1.14996, 1.14996, 1.14996, 1.14996, 1.14996, 1.14996, 1.14996, 1.14996, 1.14996]",2,2022-02-20 08:45:26
"[1.14996, 1.14996, 1.14996, 1.14996, 1.14996, 1.14996, 1.14996, 1.14996, 1.14996, 1.14996, 1.14996, 1.14996, 1.14996, 1.14996, 1.14996, 1.14996, 1.14996, 1.14996, 1.14996, 1.14996, 1.14996, 1.14996, 1.14996, 1.14996, 1.14996, 1.14996, 1.14996, 1.14996, 1.14996, 1.14996, 1.14996, 1.14996, 1.14996, 1.14996, 1.14996, 1.14996, 1.14996, 1.14996, 1.14996, 1.14996, 1.14996, 1.14996, 1.14996, 1.14996, 1.14996, 1.14996, 1.14996, 1.14996, 1.14996, 1.14996]",1,2022-02-20 08:46:36
"[1.14996, 1.14996, 1.14996, 1.14996, 1.14996, 1.14996, 1.14996, 1.14996, 1.14996, 1.14996, 1.14996, 1.14996, 1.14996, 1.14996, 1.14996, 1.14996, 1.14996, 1.14996, 1.14996, 1.14996, 1.14996, 1.14996, 1.14996, 1.14996, 1.14996, 1.14996, 1.14996, 1.14996, 1.14996, 1.14996, 1.14996, 1.14996, 1.14996, 1.14996, 1.14996, 1.14996, 1.14996, 1.14996, 1.14996, 1.14996, 1.14996, 1.14996, 1.14996, 1.14996, 1.14996, 1.14996, 1.14996, 1.14996, 1.14996, 1.14996]",1,2022-02-20 08:47:47
"[1.14996, 1.14996, 1.14996, 1.14996, 1.14996, 1.14996, 1.14996, 1.14996, 1.14996, 1.14996, 1.14996, 1.14996, 1.14996, 1.14996, 1.14996, 1.14996, 1.14996, 1.14996, 1.14996, 1.14996, 1.14996, 1.14996, 1.14996, 1.14996, 1.14996, 1.14996, 1.14996, 1.14996, 1.14996, 1.14996, 1.14996, 1.14996, 1.14996, 1.14996, 1.14996, 1.14996, 1.14996, 1.14996, 1.14996, 1.14996, 1.14996, 1.14996, 1.14996, 1.14996, 1.14996, 1.14996, 1.14996, 1.14996, 1.14996, 1.14996]",2,2022-02-20 08:48:57
"[1.14996, 1.14996, 1.14996, 1.14996, 1.14996, 1.14996, 1.14996, 1.14996, 1.14996, 1.14996, 1.14996, 1.14996, 1.14996, 1.14996, 1.14996, 1.14996, 1.14996, 1.14996, 1.14996, 1.14996, 1.14996, 1.14996, 1.14996, 1.14996, 1.14996, 1.14996, 1.14996, 1.14996, 1.14996, 1.14996, 1.14996, 1.14996, 1.14996, 1.14996, 1.14996, 1.14996, 1.14996, 1.14996, 1.14996, 1.14996, 1.14996, 1.14996, 1.14996, 1.14996, 1.14996, 1.14996, 1.14996, 1.14996, 1.14996, 1.14996]",4,2022-02-20 08:50:09
"[1.14996, 1.14996, 1.14996, 1.14996, 1.14996, 1.14996, 1.14996, 1.14996, 1.14996, 1.14996, 1.14996, 1.14996, 1.14996, 1.14996, 1.14996, 1.14996, 1.14996, 1.14996, 1.14996, 1.14996, 1.14996, 1.14996, 1.14996, 1.14996, 1.14996, 1.14996, 1.14996, 1.14996, 1.14996, 1.14996, 1.14996, 1.14996, 1.14996, 1.14996, 1.14996, 1.14996, 1.14996, 1.14996, 1.14996, 1.14996, 1.14996, 1.14996, 1.14996, 1.14996, 1.14996, 1.14996, 1.14996, 1.14996, 1.14996, 1.14996]",2,2022-02-20 08:51:19
"[1.14996, 1.14996, 1.14996, 1.14996, 1.14996, 1.14996, 1.14996, 1.14996, 1.14996, 1.14996, 1.14996, 1.14996, 1.14996, 1.14996, 1.14996, 1.14996, 1.14996, 1.14996, 1.14996, 1.14996, 1.14996, 1.14996, 1.14996, 1.14996, 1.14996, 1.14996, 1.14996, 1.14996, 1.14996, 1.14996, 1.14996, 1.14996, 1.14996, 1.14996, 1.14996, 1.14996, 1.14996, 1.14996, 1.14996, 1.14996, 1.14996, 1.14996, 1.14996, 1.14996, 1.14996, 1.14996, 1.14996, 1.14996, 1.14996, 1.14996]",2,2022-02-20 10:12:40
"[1.14996, 1.14996, 1.14996, 1.14996, 1.14996, 1.14996, 1.14996, 1.14996, 1.14996, 1.14996, 1.14996, 1.14996, 1.14996, 1.14996, 1.14996, 1.14996, 1.14996, 1.14996, 1.14996, 1.14996, 1.14996, 1.14996, 1.14996, 1.14996, 1.14996, 1.14996, 1.14996, 1.14996, 1.14996, 1.14996, 1.14996, 1.14996, 1.14996, 1.14996, 1.14996, 1.14996, 1.14996, 1.14996, 1.14996, 1.14996, 1.14996, 1.14996, 1.14996, 1.14996, 1.14996, 1.14996, 1.14996, 1.14996, 1.14996, 1.14996]",3,2022-02-20 10:13:51
"[1.14996, 1.14996, 1.14996, 1.14996, 1.14996, 1.14996, 1.14996, 1.14996, 1.14996, 1.14996, 1.14996, 1.14996, 1.14996, 1.14996, 1.14996, 1.14996, 1.14996, 1.14996, 1.14996, 1.14996, 1.14996, 1.14996, 1.14996, 1.14996, 1.14996, 1.14996, 1.14996, 1.14996, 1.14996, 1.14996, 1.14996, 1.14996, 1.14996, 1.14996, 1.14996, 1.14996, 1.14996, 1.14996, 1.14996, 1.14996, 1.14996, 1.14996, 1.14996, 1.14996, 1.14996, 1.14996, 1.14996, 1.14996, 1.14996, 1.14996]",1,2022-02-20 10:15:01
"[1.14996, 1.14996, 1.14996, 1.14996, 1.14996, 1.14996, 1.14996, 1.14996, 1.14996, 1.14996, 1.14996, 1.14996, 1.14996, 1.14996, 1.14996, 1.14996, 1.14996, 1.14996, 1.14996, 1.14996, 1.14996, 1.14996, 1.14996, 1.14996, 1.14996, 1.14996, 1.14996, 1.14996, 1.14996, 1.14996, 1.14996, 1.14996, 1.14996, 1.14996, 1.14996, 1.14996, 1.14996, 1.14996, 1.14996, 1.14996, 1.14996, 1.14996, 1.14996, 1.14996, 1.14996, 1.14996, 1.14996, 1.14996, 1.14996, 1.14996]",3,2022-02-20 10:16:12
"[1.14996, 1.14996, 1.14996, 1.14996, 1.14996, 1.14996, 1.14996, 1.14996, 1.14996, 1.14996, 1.14996, 1.14996, 1.14996, 1.14996, 1.14996, 1.14996, 1.14996, 1.14996, 1.14996, 1.14996, 1.14996, 1.14996, 1.14996, 1.14996, 1.14996, 1.14996, 1.14996, 1.14996, 1.14996, 1.14996, 1.14996, 1.14996, 1.14996, 1.14996, 1.14996, 1.14996, 1.14996, 1.14996, 1.14996, 1.14996, 1.14996, 1.14996, 1.14996, 1.14996, 1.14996, 1.14996, 1.14996, 1.14996, 1.14996, 1.14996]",2,2022-02-20 10:17:23
"[1.14996, 1.14996, 1.14996, 1.14996, 1.14996, 1.14996, 1.14996, 1.14996, 1.14996, 1.14996, 1.14996, 1.14996, 1.14996, 1.14996, 1.14996, 1.14996, 1.14996, 1.14996, 1.14996, 1.14996, 1.14996, 1.14996, 1.14996, 1.14996, 1.14996, 1.14996, 1.14996, 1.14996, 1.14996, 1.14996, 1.14996, 1.14996, 1.14996, 1.14996, 1.14996, 1.14996, 1.14996, 1.14996, 1.14996, 1.14996, 1.14996, 1.14996, 1.14996, 1.14996, 1.14996, 1.14996, 1.14996, 1.14996, 1.14996, 1.14996]",2,2022-02-20 10:18:34
"[1.14996, 1.14996, 1.14996, 1.14996, 1.14996, 1.14996, 1.14996, 1.14996, 1.14996, 1.14996, 1.14996, 1.14996, 1.14996, 1.14996, 1.14996, 1.14996, 1.14996, 1.14996, 1.14996, 1.14996, 1.14996, 1.14996, 1.14996, 1.14996, 1.14996, 1.14996, 1.14996, 1.14996, 1.14996, 1.14996, 1.14996, 1.14996, 1.14996, 1.14996, 1.14996, 1.14996, 1.14996, 1.14996, 1.14996, 1.14996, 1.14996, 1.14996, 1.14996, 1.14996, 1.14996, 1.14996, 1.14996, 1.14996, 1.14996, 1.14996]",4,2022-02-20 10:19:44
"[1.14996, 1.14996, 1.14996, 1.14996, 1.14996, 1.14996, 1.14996, 1.14996, 1.14996, 1.14996, 1.14996, 1.14996, 1.14996, 1.14996, 1.14996, 1.14996, 1.14996, 1.14996, 1.14996, 1.14996, 1.14996, 1.14996, 1.14996, 1.14996, 1.14996, 1.14996, 1.14996, 1.14996, 1.14996, 1.14996, 1.14996, 1.14996, 1.14996, 1.14996, 1.14996, 1.14996, 1.14996, 1.14996, 1.14996, 1.14996, 1.14996, 1.14996, 1.14996, 1.14996, 1.14996, 1.14996, 1.14996, 1.14996, 1.14996, 1.14996]",2,2022-02-20 10:20:55
"[1.14996, 1.14996, 1.14996, 1.14996, 1.14996, 1.14996, 1.14996, 1.14996, 1.14996, 1.14996, 1.14996, 1.14996, 1.14996, 1.14996, 1.14996, 1.14996, 1.14996, 1.14996, 1.14996, 1.14996, 1.14996, 1.14996, 1.14996, 1.14996, 1.14996, 1.14996, 1.14996, 1.14996, 1.14996, 1.14996, 1.14996, 1.14996, 1.14996, 1.14996, 1.14996, 1.14996, 1.14996, 1.14996, 1.14996, 1.14996, 1.14996, 1.14996, 1.14996, 1.14996, 1.14996, 1.14996, 1.14996, 1.14996, 1.14996, 1.14996]",1,2022-02-20 10:22:06
"[1.14996, 1.14996, 1.14996, 1.14996, 1.14996, 1.14996, 1.14996, 1.14996, 1.14996, 1.14996, 1.14996, 1.14996, 1.14996, 1.14996, 1.14996, 1.14996, 1.14996, 1.14996, 1.14996, 1.14996, 1.14996, 1.14996, 1.14996, 1.14996, 1.14996, 1.14996, 1.14996, 1.14996, 1.14996, 1.14996, 1.14996, 1.14996, 1.14996, 1.14996, 1.14996, 1.14996, 1.14996, 1.14996, 1.14996, 1.14996, 1.14996, 1.14996, 1.14996, 1.14996, 1.14996, 1.14996, 1.14996, 1.14996, 1.14996, 1.14996]",3,2022-02-20 10:23:16
"[1.14996, 1.14996, 1.14996, 1.14996, 1.14996, 1.14996, 1.14996, 1.14996, 1.14996, 1.14996, 1.14996, 1.14996, 1.14996, 1.14996, 1.14996, 1.14996, 1.14996, 1.14996, 1.14996, 1.14996, 1.14996, 1.14996, 1.14996, 1.14996, 1.14996, 1.14996, 1.14996, 1.14996, 1.14996, 1.14996, 1.14996, 1.14996, 1.14996, 1.14996, 1.14996, 1.14996, 1.14996, 1.14996, 1.14996, 1.14996, 1.14996, 1.14996, 1.14996, 1.14996, 1.14996, 1.14996, 1.14996, 1.14996, 1.14996, 1.14996]",4,2022-02-20 10:24:27
"[1.14996, 1.14996, 1.14996, 1.14996, 1.14996, 1.14996, 1.14996, 1.14996, 1.14996, 1.14996, 1.14996, 1.14996, 1.14996, 1.14996, 1.14996, 1.14996, 1.14996, 1.14996, 1.14996, 1.14996, 1.14996, 1.14996, 1.14996, 1.14996, 1.14996, 1.14996, 1.14996, 1.14996, 1.14996, 1.14996, 1.14996, 1.14996, 1.14996, 1.14996, 1.14996, 1.14996, 1.14996, 1.14996, 1.14996, 1.14996, 1.14996, 1.14996, 1.14996, 1.14996, 1.14996, 1.14996, 1.14996, 1.14996, 1.14996, 1.14996]",4,2022-02-20 14:26:59
"[1.14996, 1.14996, 1.14996, 1.14996, 1.14996, 1.14996, 1.14996, 1.14996, 1.14996, 1.14996, 1.14996, 1.14996, 1.14996, 1.14996, 1.14996, 1.14996, 1.14996, 1.14996, 1.14996, 1.14996, 1.14996, 1.14996, 1.14996, 1.14996, 1.14996, 1.14996, 1.14996, 1.14996, 1.14996, 1.14996, 1.14996, 1.14996, 1.14996, 1.14996, 1.14996, 1.14996, 1.14996, 1.14996, 1.14996, 1.14996, 1.14996, 1.14996, 1.14996, 1.14996, 1.14996, 1.14996, 1.14996, 1.14996, 1.14996, 1.14996]",2,2022-02-20 14:28:09
"[1.14996, 1.14996, 1.14996, 1.14996, 1.14996, 1.14996, 1.14996, 1.14996, 1.14996, 1.14996, 1.14996, 1.14996, 1.14996, 1.14996, 1.14996, 1.14996, 1.14996, 1.14996, 1.14996, 1.14996, 1.14996, 1.14996, 1.14996, 1.14996, 1.14996, 1.14996, 1.14996, 1.14996, 1.14996, 1.14996, 1.14996, 1.14996, 1.14996, 1.14996, 1.14996, 1.14996, 1.14996, 1.14996, 1.14996, 1.14996, 1.14996, 1.14996, 1.14996, 1.14996, 1.14996, 1.14996, 1.14996, 1.14996, 1.14996, 1.14996]",2,2022-02-20 14:29:20
"[1.14996, 1.14996, 1.14996, 1.14996, 1.14996, 1.14996, 1.14996, 1.14996, 1.14996, 1.14996, 1.14996, 1.14996, 1.14996, 1.14996, 1.14996, 1.14996, 1.14996, 1.14996, 1.14996, 1.14996, 1.14996, 1.14996, 1.14996, 1.14996, 1.14996, 1.14996, 1.14996, 1.14996, 1.14996, 1.14996, 1.14996, 1.14996, 1.14996, 1.14996, 1.14996, 1.14996, 1.14996, 1.14996, 1.14996, 1.14996, 1.14996, 1.14996, 1.14996, 1.14996, 1.14996, 1.14996, 1.14996, 1.14996, 1.14996, 1.14996]",2,2022-02-20 14:30:31
"[1.14996, 1.14996, 1.14996, 1.14996, 1.14996, 1.14996, 1.14996, 1.14996, 1.14996, 1.14996, 1.14996, 1.14996, 1.14996, 1.14996, 1.14996, 1.14996, 1.14996, 1.14996, 1.14996, 1.14996, 1.14996, 1.14996, 1.14996, 1.14996, 1.14996, 1.14996, 1.14996, 1.14996, 1.14996, 1.14996, 1.14996, 1.14996, 1.14996, 1.14996, 1.14996, 1.14996, 1.14996, 1.14996, 1.14996, 1.14996, 1.14996, 1.14996, 1.14996, 1.14996, 1.14996, 1.14996, 1.14996, 1.14996, 1.14996, 1.14996]",4,2022-02-20 14:31:57
"[1.14996, 1.14996, 1.14996, 1.14996, 1.14996, 1.14996, 1.14996, 1.14996, 1.14996, 1.14996, 1.14996, 1.14996, 1.14996, 1.14996, 1.14996, 1.14996, 1.14996, 1.14996, 1.14996, 1.14996, 1.14996, 1.14996, 1.14996, 1.14996, 1.14996, 1.14996, 1.14996, 1.14996, 1.14996, 1.14996, 1.14996, 1.14996, 1.14996, 1.14996, 1.14996, 1.14996, 1.14996, 1.14996, 1.14996, 1.14996, 1.14996, 1.14996, 1.14996, 1.14996, 1.14996, 1.14996, 1.14996, 1.14996, 1.14996, 1.14996]",4,2022-02-20 14:33:08
"[1.14996, 1.14996, 1.14996, 1.14996, 1.14996, 1.14996, 1.14996, 1.14996, 1.14996, 1.14996, 1.14996, 1.14996, 1.14996, 1.14996, 1.14996, 1.14996, 1.14996, 1.14996, 1.14996, 1.14996, 1.14996, 1.14996, 1.14996, 1.14996, 1.14996, 1.14996, 1.14996, 1.14996, 1.14996, 1.14996, 1.14996, 1.14996, 1.14996, 1.14996, 1.14996, 1.14996, 1.14996, 1.14996, 1.14996, 1.14996, 1.14996, 1.14996, 1.14996, 1.14996, 1.14996, 1.14996, 1.14996, 1.14996, 1.14996, 1.14996]",4,2022-02-20 14:34:18
"[1.14996, 1.14996, 1.14996, 1.14996, 1.14996, 1.14996, 1.14996, 1.14996, 1.14996, 1.14996, 1.14996, 1.14996, 1.14996, 1.14996, 1.14996, 1.14996, 1.14996, 1.14996, 1.14996, 1.14996, 1.14996, 1.14996, 1.14996, 1.14996, 1.14996, 1.14996, 1.14996, 1.14996, 1.14996, 1.14996, 1.14996, 1.14996, 1.14996, 1.14996, 1.14996, 1.14996, 1.14996, 1.14996, 1.14996, 1.14996, 1.14996, 1.14996, 1.14996, 1.14996, 1.14996, 1.14996, 1.14996, 1.14996, 1.14996, 1.14996]",2,2022-02-20 14:35:29
"[1.14996, 1.14996, 1.14996, 1.14996, 1.14996, 1.14996, 1.14996, 1.14996, 1.14996, 1.14996, 1.14996, 1.14996, 1.14996, 1.14996, 1.14996, 1.14996, 1.14996, 1.14996, 1.14996, 1.14996, 1.14996, 1.14996, 1.14996, 1.14996, 1.14996, 1.14996, 1.14996, 1.14996, 1.14996, 1.14996, 1.14996, 1.14996, 1.14996, 1.14996, 1.14996, 1.14996, 1.14996, 1.14996, 1.14996, 1.14996, 1.14996, 1.14996, 1.14996, 1.14996, 1.14996, 1.14996, 1.14996, 1.14996, 1.14996, 1.14996]",4,2022-02-20 14:36:40
"[1.14996, 1.14996, 1.14996, 1.14996, 1.14996, 1.14996, 1.14996, 1.14996, 1.14996, 1.14996, 1.14996, 1.14996, 1.14996, 1.14996, 1.14996, 1.14996, 1.14996, 1.14996, 1.14996, 1.14996, 1.14996, 1.14996, 1.14996, 1.14996, 1.14996, 1.14996, 1.14996, 1.14996, 1.14996, 1.14996, 1.14996, 1.14996, 1.14996, 1.14996, 1.14996, 1.14996, 1.14996, 1.14996, 1.14996, 1.14996, 1.14996, 1.14996, 1.14996, 1.14996, 1.14996, 1.14996, 1.14996, 1.14996, 1.14996, 1.14996]",2,2022-02-20 14:37:51
"[1.14996, 1.14996, 1.14996, 1.14996, 1.14996, 1.14996, 1.14996, 1.14996, 1.14996, 1.14996, 1.14996, 1.14996, 1.14996, 1.14996, 1.14996, 1.14996, 1.14996, 1.14996, 1.14996, 1.14996, 1.14996, 1.14996, 1.14996, 1.14996, 1.14996, 1.14996, 1.14996, 1.14996, 1.14996, 1.14996, 1.14996, 1.14996, 1.14996, 1.14996, 1.14996, 1.14996, 1.14996, 1.14996, 1.14996, 1.14996, 1.14996, 1.14996, 1.14996, 1.14996, 1.14996, 1.14996, 1.14996, 1.14996, 1.14996, 1.14996]",1,2022-02-20 14:39:01
"[1.14996, 1.14996, 1.14996, 1.14996, 1.14996, 1.14996, 1.14996, 1.14996, 1.14996, 1.14996, 1.14996, 1.14996, 1.14996, 1.14996, 1.14996, 1.14996, 1.14996, 1.14996, 1.14996, 1.14996, 1.14996, 1.14996, 1.14996, 1.14996, 1.14996, 1.14996, 1.14996, 1.14996, 1.14996, 1.14996, 1.14996, 1.14996, 1.14996, 1.14996, 1.14996, 1.14996, 1.14996, 1.14996, 1.14996, 1.14996, 1.14996, 1.14996, 1.14996, 1.14996, 1.14996, 1.14996, 1.14996, 1.14996, 1.14996, 1.14996]",1,2022-02-20 14:40:13
"[1.14996, 1.14996, 1.14996, 1.14996, 1.14996, 1.14996, 1.14996, 1.14996, 1.14996, 1.14996, 1.14996, 1.14996, 1.14996, 1.14996, 1.14996, 1.14996, 1.14996, 1.14996, 1.14996, 1.14996, 1.14996, 1.14996, 1.14996, 1.14996, 1.14996, 1.14996, 1.14996, 1.14996, 1.14996, 1.14996, 1.14996, 1.14996, 1.14996, 1.14996, 1.14996, 1.14996, 1.14996, 1.14996, 1.14996, 1.14996, 1.14996, 1.14996, 1.14996, 1.14996, 1.14996, 1.14996, 1.14996, 1.14996, 1.14996, 1.14996]",3,2022-02-20 14:41:23
"[1.14996, 1.14996, 1.14996, 1.14996, 1.14996, 1.14996, 1.14996, 1.14996, 1.14996, 1.14996, 1.14996, 1.14996, 1.14996, 1.14996, 1.14996, 1.14996, 1.14996, 1.14996, 1.14996, 1.14996, 1.14996, 1.14996, 1.14996, 1.14996, 1.14996, 1.14996, 1.14996, 1.14996, 1.14996, 1.14996, 1.14996, 1.14996, 1.14996, 1.14996, 1.14996, 1.14996, 1.14996, 1.14996, 1.14996, 1.14996, 1.14996, 1.14996, 1.14996, 1.14996, 1.14996, 1.14996, 1.14996, 1.14996, 1.14996, 1.14996]",3,2022-02-20 14:42:34
"[1.14996, 1.14996, 1.14996, 1.14996, 1.14996, 1.14996, 1.14996, 1.14996, 1.14996, 1.14996, 1.14996, 1.14996, 1.14996, 1.14996, 1.14996, 1.14996, 1.14996, 1.14996, 1.14996, 1.14996, 1.14996, 1.14996, 1.14996, 1.14996, 1.14996, 1.14996, 1.14996, 1.14996, 1.14996, 1.14996, 1.14996, 1.14996, 1.14996, 1.14996, 1.14996, 1.14996, 1.14996, 1.14996, 1.14996, 1.14996, 1.14996, 1.14996, 1.14996, 1.14996, 1.14996, 1.14996, 1.14996, 1.14996, 1.14996, 1.14996]",1,2022-02-20 14:43:45
"[1.14996, 1.14996, 1.14996, 1.14996, 1.14996, 1.14996, 1.14996, 1.15327, 1.17686, 1.21605, 1.27009, 1.32272, 1.38577, 1.45504, 1.50035, 1.50035, 1.50035, 1.50035, 1.50035, 1.50035, 1.50035, 1.50035, 1.50035, 1.50035, 0.0, 0.0, 0.0, 0.0, 0.0, 0.0, 0.0, 0.0, 0.0, 0.0, 0.0, 0.0, 0.0, 0.0, 0.0, 0.0, 0.0, 0.0, 0.0, 0.012939, 0.080166, 0.151093, 0.219108, 0.290253, 0.356877, 0.426405]",2,2022-02-20 14:44:56
"[0.0, 0.0, 0.0, 0.0, 0.0, 0.0, 0.0, 0.0, 0.0, 0.0, 0.0, 0.0, 0.018722, 0.079819, 0.160428, 0.229109, 0.295922, 0.363817, 0.42827, 0.494519, 0.559336, 0.623529, 0.706459, 0.774546, 0.835477, 0.900519, 0.976357, 1.02398, 1.10124, 1.16119, 1.22367, 1.28245, 1.35246, 1.4126, 1.47016, 1.50015, 1.50015, 1.50015, 1.50015, 1.50015, 1.50015, 1.50015, 1.50015, 1.50015, 0.0, 0.0, 0.0, 0.0, 0.0, 0.0]",1,2022-02-20 14:46:08
"[1.46726, 1.50013, 1.50013, 1.50013, 1.50013, 1.50013, 1.50013, 1.50013, 1.50013, 1.50013, 1.50013, 0.0, 0.0, 0.0, 0.0, 0.0, 0.0, 0.0, 0.0, 0.0, 0.0, 0.0, 0.0, 0.0, 0.0, 0.0, 0.0, 0.0, 0.0, 0.0, 0.005134, 0.064113, 0.130516, 0.199214, 0.264449, 0.333965, 0.406241, 0.471754, 0.536358, 0.604223, 0.668717, 0.749762, 0.814852, 0.878627, 0.940849, 1.00529, 1.07138, 1.13763, 1.19758, 1.26014]",4,2022-02-20 14:47:18
"[0.242432, 0.309824, 0.395994, 0.462138, 0.547945, 0.636666, 0.707242, 0.776076, 0.84173, 0.906577, 0.972561, 1.03894, 1.11859, 1.185, 1.24671, 1.31277, 1.38055, 1.44567, 1.50015, 1.50015, 1.50015, 1.50015, 1.50015, 1.50015, 1.50015, 1.50015, 1.50015, 1.50015, 0.0, 0.0, 0.0, 0.0, 0.0, 0.0, 0.0, 0.0, 0.0, 0.0, 0.0, 0.0, 0.0, 0.0, 0.0, 0.0, 0.0, 0.0, 0.0, 0.0, 0.063552, 0.128969]",2,2022-02-20 14:49:10
"[0.0, 0.0, 0.0, 0.0, 0.0, 0.0, 0.0, 0.019301, 0.087287, 0.153744, 0.224541, 0.291379, 0.372766, 0.439178, 0.509134, 0.576182, 0.647627, 0.714848, 0.779323, 0.844198, 0.91342, 0.982874, 1.06483, 1.13005, 1.19263, 1.25634, 1.31859, 1.38159, 1.44755, 1.50021, 1.50021, 1.50021, 1.50021, 1.50021, 1.50021, 1.50021, 1.50021, 1.50021, 1.50021, 0.0, 0.0, 0.0, 0.0, 0.0, 0.0, 0.0, 0.0, 0.0, 0.0, 0.0]",3,2022-02-20 14:50:21
"[1.50018, 1.50018, 1.50018, 1.50018, 1.50018, 1.50018, 1.50018, 0.0, 0.0, 0.0, 0.0, 0.0, 0.0, 0.0, 0.0, 0.0, 0.0, 0.0, 0.0, 0.0, 0.0, 0.0, 0.0, 0.0, 0.0, 0.0, 0.0219, 0.084663, 0.147547, 0.215827, 0.29978, 0.369284, 0.438629, 0.504654, 0.571907, 0.6449, 0.713143, 0.780275, 0.850127, 0.916349, 0.995654, 1.05923, 1.12493, 1.18858, 1.25079, 1.30983, 1.37285, 1.43923, 1.5002, 1.5002]",4,2022-02-20 14:51:32
"[0.793307, 0.861748, 0.927853, 0.994252, 1.06053, 1.12377, 1.19193, 1.25329, 1.31857, 1.38234, 1.44635, 1.50016, 1.50016, 1.50016, 1.50016, 1.50016, 1.50016, 1.50016, 1.50016, 1.50016, 1.50016, 0.0, 0.0, 0.0, 0.0, 0.0, 0.0, 0.0, 0.0, 0.0, 0.0, 0.0, 0.0, 0.0, 0.0, 0.0, 0.0, 0.0, 0.0, 0.0, 0.0, 0.066389, 0.135048, 0.220284, 0.292029, 0.362296, 0.435286, 0.502395, 0.570606, 0.64011]",1,2022-02-20 14:52:42
"[0.0, 0.042587, 0.112739, 0.185505, 0.256313, 0.328529, 0.398936, 0.488374, 0.560306, 0.626797, 0.696759, 0.766716, 0.838726, 0.907307, 0.973179, 1.05849, 1.11107, 1.19241, 1.25497, 1.32309, 1.39225, 1.4606, 1.50006, 1.50006, 1.50006, 1.50006, 1.50006, 1.50006, 1.50006, 1.50006, 1.50006, 1.50006, 0.0, 0.0, 0.0, 0.0, 0.0, 0.0, 0.0, 0.0, 0.0, 0.0, 0.0, 0.0, 0.0, 0.0, 0.0, 0.0, 0.0, 0.0]",3,2022-02-20 14:53:53
"[0.0, 0.0, 0.0, 0.0, 0.0, 0.0, 0.0, 0.0, 0.0, 0.014799, 0.08832, 0.162315, 0.237547, 0.311113, 0.399849, 0.472782, 0.543588, 0.613513, 0.698155, 0.768133, 0.840825, 0.924806, 0.998285, 1.07992, 1.1477, 1.21739, 1.30283, 1.37078, 1.43502, 1.50006, 1.50006, 1.50006, 1.50006, 1.50006, 1.50006, 1.50006, 1.50006, 1.50006, 0.0, 0.0, 0.0, 0.0, 0.0, 0.0, 0.0, 0.0, 0.0, 0.0, 0.0, 0.0]",2,2022-02-20 14:55:04
"[0.0, 0.0, 0.0, 0.0, 0.0, 0.0, 0.0, 0.0, 0.0, 0.0, 0.0, 0.056184, 0.145381, 0.219231, 0.302239, 0.375081, 0.447365, 0.521939, 0.598538, 0.690045, 0.75936, 0.833256, 0.902695, 0.985033, 1.06153, 1.1267, 1.19673, 1.26558, 1.3489, 1.41981, 1.49545, 1.50028, 1.50028, 1.50028, 1.50028, 1.50028, 1.50028, 1.50028, 1.50028, 1.50028, 0.0, 0.0, 0.0, 0.0, 0.0, 0.0, 0.0, 0.0, 0.0, 0.0]",4,2022-02-20 14:56:15
"[0.0, 0.0, 0.0, 0.0, 0.0, 0.0, 0.0, 0.0, 0.0, 0.0, 0.0, 0.001528, 0.077791, 0.1551, 0.245965, 0.305555, 0.392495, 0.46193, 0.539453, 0.617, 0.694513, 0.770408, 0.845677, 0.922969, 0.998714, 1.06462, 1.13698, 1.21537, 1.2987, 1.36928, 1.44251, 1.50028, 1.50028, 1.50028, 1.50028, 1.50028, 1.50028, 1.50028, 1.50028, 1.50028, 1.50028, 0.0, 0.0, 0.0, 0.0, 0.0, 0.0, 0.0, 0.0, 0.0]",2,2022-02-20 14:57:25
"[0.0, 0.0, 0.0, 0.0, 0.0, 0.0, 0.0, 0.0, 0.0, 0.0, 0.027566, 0.100436, 0.169505, 0.245121, 0.338682, 0.419726, 0.493335, 0.571134, 0.642377, 0.717217, 0.787731, 0.859866, 0.930752, 1.01162, 1.0789, 1.15036, 1.22609, 1.31007, 1.37756, 1.44656, 1.50022, 1.50022, 1.50022, 1.50022, 1.50022, 1.50022, 1.50022, 1.50022, 1.50022, 1.50022, 0.0, 0.0, 0.0, 0.0, 0.0, 0.0, 0.0, 0.0, 0.0, 0.0]",4,2022-02-20 14:58:36
"[0.0, 0.0, 0.0, 0.0, 0.0, 0.0, 0.0, 0.0, 0.0, 0.0, 0.0, 0.0, 0.021768, 0.099114, 0.173409, 0.242508, 0.320448, 0.389362, 0.461443, 0.529855, 0.60526, 0.672787, 0.760007, 0.821911, 0.887798, 0.961193, 1.04127, 1.1098, 1.17544, 1.24281, 1.309, 1.37434, 1.44104, 1.50016, 1.50016, 1.50016, 1.50016, 1.50016, 1.50016, 1.50016, 1.50016, 1.50016, 1.50016, 0.0, 0.0, 0.0, 0.0, 0.0, 0.0, 0.0]",4,2022-02-20 14:59:46
"[0.0, 0.0, 0.0, 0.0, 0.0, 0.0, 1.50005, 0.0, 0.0, 0.0, 0.0, 0.0, 0.0, 0.0, 0.0, 0.0, 0.0, 0.0, 0.0, 0.0, 0.0, 0.0, 0.0, 0.0, 0.0, 0.0, 0.0, 0.0, 0.0, 0.0, 0.0, 0.0, 0.0, 0.0, 0.0, 0.0, 0.0, 0.0, 0.0, 0.0, 0.0, 0.0, 0.0, 0.0, 0.0, 0.0, 0.0, 0.0, 0.0, 0.0]",1,2022-02-20 15:00:57
"[1.49805, 1.50005, 1.50005, 1.50005, 1.50005, 1.50005, 1.50005, 1.50005, 1.50005, 1.50005, 0.0, 0.0, 0.0, 0.0, 0.0, 0.0, 0.0, 0.0, 0.0, 0.0, 0.0, 0.0, 0.0, 0.0, 0.0, 0.0, 0.0, 0.0, 0.0, 0.0, 0.028333, 0.07427, 0.119882, 0.167571, 0.219907, 0.269254, 0.322637, 0.376316, 0.429359, 0.49166, 0.543647, 0.59544, 0.648211, 0.701662, 0.751465, 0.803699, 0.855754, 0.903064, 0.950809, 0.999834]",2,2022-02-20 15:02:08
"[0.077323, 0.116164, 0.167073, 0.20861, 0.253125, 0.297984, 0.344214, 0.385797, 0.431018, 0.477244, 0.522721, 0.567168, 0.620685, 0.666494, 0.712259, 0.757492, 0.811496, 0.856445, 0.899125, 0.942521, 0.983424, 1.02216, 1.05853, 1.09474, 1.13337, 1.16733, 1.2037, 1.23974, 1.27191, 1.31226, 1.34716, 1.38054, 1.42462, 1.45663, 1.48657, 1.50012, 1.50012, 1.50012, 1.50012, 1.50012, 1.50012, 1.50012, 1.50012, 1.50012, 1.50012, 0.0, 0.0, 0.0, 0.0, 0.0]",4,2022-02-20 15:03:18
"[0.068366, 0.100956, 0.137517, 0.172981, 0.209422, 0.246356, 0.283465, 0.320743, 0.360642, 0.400226, 0.438058, 0.482637, 0.523028, 0.562512, 0.602039, 0.641746, 0.683191, 0.721261, 0.762065, 0.807366, 0.843178, 0.883139, 0.926918, 0.962243, 0.998021, 1.03366, 1.06873, 1.10814, 1.14007, 1.17076, 1.20195, 1.22913, 1.26451, 1.29314, 1.31741, 1.3454, 1.36877, 1.39466, 1.4193, 1.45108, 1.47617, 1.49911, 1.50001, 1.50001, 1.50001, 1.50001, 1.50001, 1.50001, 1.50001, 1.50001]",2,2022-02-20 15:04:29
"[1.43117, 1.43908, 1.45014, 1.45912, 1.46554, 1.47274, 1.48179, 1.49018, 1.49531, 1.50001, 1.50001, 1.50001, 1.50001, 1.50001, 1.50001, 1.50001, 1.50001, 1.50001, 1.50001, 0.0, 0.0, 0.0, 0.0, 0.0, 0.0, 0.0, 0.0, 0.0, 0.0, 0.0, 0.0, 0.0, 0.0, 0.0, 0.0, 0.0, 0.0, 0.0, 0.008195, 0.032707, 0.058665, 0.09006, 0.120647, 0.151718, 0.183062, 0.220661, 0.254264, 0.288068, 0.32795, 0.361074]",3,2022-02-20 15:05:40
"[0.324103, 0.353947, 0.385234, 0.41669, 0.447522, 0.484422, 0.516729, 0.549512, 0.581237, 0.61491, 0.644837, 0.68882, 0.71931, 0.75049, 0.780527, 0.810865, 0.853564, 0.883215, 0.917541, 0.945112, 0.975948, 1.01082, 1.06513, 1.09363, 1.11919, 1.14318, 1.17277, 1.19537, 1.21775, 1.2357, 1.2456, 1.25761, 1.26042, 1.26498, 1.26746, 1.26922, 1.26953, 1.27332, 1.27562, 1.27644, 1.27712, 1.27837, 1.27837, 1.27847, 1.27921, 1.28155, 1.28166, 1.28198, 1.28208, 1.28208]",2,2022-02-20 15:06:51
"[1.45118, 1.45159, 1.45273, 1.45377, 1.45398, 1.45536, 1.45607, 1.45699, 1.4573, 1.45741, 1.45761, 1.45782, 1.46031, 1.46041, 1.46323, 1.46336, 1.46347, 1.46408, 1.46902, 1.46985, 1.47151, 1.47264, 1.47315, 1.47588, 1.47894, 1.47965, 1.47999, 1.48079, 1.48245, 1.48245, 1.48296, 1.48296, 1.48348, 1.4837, 1.4837, 1.4837, 1.4838, 1.4838, 1.48392, 1.48392, 1.48402, 1.48425, 1.48425, 1.48425, 1.48425, 1.48465, 1.48476, 1.48558, 1.48558, 1.48558]",3,2022-02-20 15:08:02
"[1.49994, 1.49994, 1.50005, 1.50005, 1.50005, 1.50005, 0.0, 0.0, 0.0, 0.0, 0.0, 0.0, 0.0, 0.0, 0.0, 0.0, 0.0, 0.0, 0.0, 0.0, 0.0, 0.0, 0.003531, 0.006067, 0.017225, 0.038556, 0.059357, 0.08168, 0.106721, 0.132508, 0.154906, 0.178728, 0.210588, 0.234766, 0.260862, 0.288422, 0.316943, 0.382052, 0.411995, 0.561295, 0.61764, 0.653431, 0.690156, 0.728368, 0.773294, 0.809012, 0.847447, 0.886826, 0.925346, 0.963855]",3,2022-02-20 15:09:17
"[0.0, 0.0, 0.0, 0.0, 0.0, 0.0, 0.0, 0.0, 0.0, 0.0, 0.0, 0.017658, 0.084663, 0.15774, 0.236352, 0.326614, 0.409307, 0.486878, 0.563229, 0.645479, 0.72421, 0.79694, 0.873876, 0.947506, 1.01989, 1.10749, 1.175, 1.29231, 1.31725, 1.38892, 1.45943, 1.50014, 1.50014, 1.50014, 1.50014, 1.50014, 1.50014, 1.50014, 1.50014, 0.0, 0.0, 0.0, 0.0, 0.0, 0.0, 0.0, 0.0, 0.0, 0.0, 0.0]",1,2022-02-20 15:10:28
"[0.0, 0.0, 0.0, 0.0, 0.0, 0.0, 0.0, 0.0, 0.0, 0.0, 0.0, 0.0, 0.0, 0.0, 0.0, 0.037564, 0.105563, 0.246944, 0.315688, 0.388145, 0.458372, 0.527586, 0.59988, 0.670269, 0.740722, 0.808525, 0.876367, 0.942187, 1.02094, 1.08266, 1.14968, 1.21809, 1.28619, 1.35019, 1.41508, 1.47701, 1.5003, 1.5003, 1.5003, 1.5003, 1.5003, 1.5003, 1.5003, 1.5003, 1.5003, 0.0, 0.0, 0.0, 0.0, 0.0]",4,2022-02-20 15:11:39
"[1.50004, 1.50004, 1.50004, 1.50004, 1.50004, 1.50004, 0.0, 0.0, 0.0, 0.0, 0.0, 0.0, 0.0, 0.0, 0.0, 0.0, 0.0, 0.0, 0.0, 0.0, 0.0, 0.0, 0.0, 0.0, 0.0, 0.0, 0.05904, 0.126769, 0.212504, 0.285498, 0.353746, 0.507843, 0.582464, 0.654863, 0.727998, 0.807925, 0.873855, 0.941501, 1.0076, 1.07533, 1.14202, 1.2107, 1.29261, 1.34495, 1.42362, 1.48757, 1.50021, 1.50021, 1.50021, 1.50021]",3,2022-02-20 15:12:49
"[0.0, 0.0, 0.016546, 0.083916, 0.156098, 0.226564, 0.29735, 0.364643, 0.436119, 0.519824, 0.587877, 0.660986, 0.733284, 0.800991, 0.869264, 0.935282, 0.999371, 1.0646, 1.13108, 1.19572, 1.27254, 1.33909, 1.40451, 1.47012, 1.50004, 1.50004, 1.50004, 1.50004, 1.50004, 1.50004, 1.50004, 1.50004, 1.50004, 1.50004, 0.0, 0.0, 0.0, 0.0, 0.0, 0.0, 0.0, 0.0, 0.0, 0.0, 0.0, 0.0, 0.0, 0.0, 0.0, 0.0]",10,2022-02-20 15:15:09
"[0.0, 0.0, 0.0, 0.0, 0.0, 0.0, 0.0, 0.0, 0.0, 0.0, 0.0, 0.0, 0.00753, 0.091352, 0.179261, 0.254793, 0.34125, 0.415426, 0.481276, 0.5505, 0.618229, 0.687869, 0.75444, 0.820802, 0.884684, 0.953118, 1.03278, 1.10015, 1.16018, 1.22596, 1.30684, 1.37069, 1.43574, 1.50006, 1.50006, 1.50006, 1.50006, 1.50006, 1.50006, 1.50006, 1.50006, 1.50006, 1.50006, 0.0, 0.0, 0.0, 0.0, 0.0, 0.0, 0.0]",1,2022-02-20 15:16:19
"[1.50006, 0.0, 0.0, 0.0, 0.0, 0.0, 0.0, 0.0, 0.0, 0.0, 0.0, 0.0, 0.0, 0.0, 0.0, 0.0, 0.0, 0.0, 0.0, 0.0, 0.0, 0.029305, 0.100196, 0.173592, 0.240455, 0.315417, 0.386746, 0.461682, 0.53047, 0.602886, 0.674705, 0.748554, 0.834796, 0.904614, 0.984095, 1.06417, 1.14374, 1.21072, 1.29503, 1.35874, 1.42856, 1.49416, 1.50011, 1.50011, 1.50011, 1.50011, 1.50011, 1.50011, 1.50011, 1.50011]",2,2022-02-20 15:17:30
"[1.50015, 1.50015, 1.50015, 1.50015, 1.50015, 1.50015, 1.50015, 1.50015, 1.50015, 0.0, 0.0, 0.0, 0.0, 0.0, 0.0, 0.0, 0.0, 0.0, 0.0, 0.0, 0.0, 0.0, 0.0, 0.0, 0.0, 0.0, 0.0, 0.0, 0.003659, 0.071187, 0.140875, 0.207398, 0.28083, 0.365485, 0.437881, 0.507318, 0.577802, 0.651707, 0.723501, 0.791761, 0.857418, 0.927566, 0.994729, 1.06309, 1.13214, 1.21287, 1.27978, 1.34651, 1.40909, 1.47619]",8,2022-02-20 15:18:41
"[1.10731, 1.44028, 1.50017, 1.50017, 1.50017, 1.50017, 1.50017, 1.50017, 1.50017, 1.50017, 1.50017, 1.50017, 0.0, 0.0, 0.0, 0.0, 0.0, 0.0, 0.0, 0.0, 0.0, 0.0, 0.0, 0.0, 0.0, 0.0, 0.0, 0.0, 0.0, 0.0, 0.0, 0.016577, 0.085489, 0.158059, 0.227584, 0.298406, 0.382328, 0.449285, 0.523884, 0.589666, 0.661974, 0.734499, 0.804502, 0.887967, 0.956287, 1.02413, 1.08588, 1.15357, 1.22084, 1.28997]",5,2022-02-20 15:19:53
"[0.665871, 0.735954, 0.803503, 0.872938, 0.952379, 1.0215, 1.08659, 1.15263, 1.22193, 1.28956, 1.35543, 1.42289, 1.49435, 1.50006, 1.50006, 1.50006, 1.50006, 1.50006, 1.50006, 1.50006, 1.50006, 1.50006, 0.0, 0.0, 0.0, 0.0, 0.0, 0.0, 0.0, 0.0, 0.0, 0.0, 0.0, 0.0, 0.0, 0.0, 0.0, 0.0, 0.0, 0.0, 0.0, 0.0, 0.035232, 0.10404, 0.182017, 0.251717, 0.323057, 0.396361, 0.469107, 0.543537]",7,2022-02-20 15:21:03
"[0.171852, 0.243874, 0.330764, 0.400669, 0.473854, 0.545528, 0.617687, 0.68997, 0.758772, 0.829713, 0.896449, 0.963395, 1.02918, 1.09634, 1.16392, 1.24194, 1.30995, 1.37842, 1.44476, 1.50011, 1.50011, 1.50011, 1.50011, 1.50011, 1.50011, 1.50011, 1.50011, 1.50011, 1.50011, 0.0, 0.0, 0.0, 0.0, 0.0, 0.0, 0.0, 0.0, 0.0, 0.0, 0.0, 0.0, 0.0, 0.0, 0.0, 0.0, 0.0, 0.0, 0.0, 0.063585, 0.137814]",7,2022-02-20 15:22:14
"[0.182593, 0.390295, 0.729998, 0.991183, 1.28115, 1.50019, 0.0, 0.0, 0.0, 0.0, 0.0, 0.0, 0.0, 0.0, 0.0, 0.0, 0.0, 0.0, 0.0, 0.034503, 0.104254, 0.187689, 0.257153, 0.327595, 0.398422, 0.469901, 0.533374, 0.603129, 0.669264, 0.741896, 0.811443, 0.880149, 0.950035, 1.03343, 1.09967, 1.16339, 1.22874, 1.29519, 1.35923, 1.42459, 1.49091, 1.50001, 1.50001, 1.50001, 1.50001, 1.50001, 1.50001, 1.50001, 1.50001, 1.50001]",8,2022-02-20 15:23:32
"[1.49045, 1.50014, 1.50014, 1.50014, 1.50014, 1.50014, 1.50014, 1.50014, 1.50014, 1.50014, 0.0, 0.0, 0.0, 0.0, 0.0, 0.0, 0.0, 0.0, 0.0, 0.0, 0.0, 0.0, 0.0, 0.0, 0.0, 0.0, 0.0, 0.0, 0.0, 0.0, 0.061146, 0.131662, 0.203191, 0.273198, 0.347254, 0.420874, 0.493234, 0.567139, 0.636298, 0.706239, 0.776494, 0.84715, 0.917613, 0.994901, 1.06608, 1.13444, 1.20342, 1.2735, 1.33981, 1.40797]",1,2022-02-20 15:24:43
"[1.09443, 1.17514, 1.24007, 1.30903, 1.37751, 1.44338, 1.50021, 1.50021, 1.50021, 1.50021, 1.50021, 1.50021, 1.50021, 1.50021, 1.50021, 0.0, 0.0, 0.0, 0.0, 0.0, 0.0, 0.0, 0.0, 0.0, 0.0, 0.0, 0.0, 0.0, 0.0, 0.0, 0.0, 0.0, 0.0, 0.0, 0.0, 0.038864, 0.113398, 0.185213, 0.258821, 0.326338, 0.40181, 0.47165, 0.541878, 0.612803, 0.697117, 0.767771, 0.839207, 0.905503, 0.974774, 1.04203]",10,2022-02-20 15:25:54
"[0.052179, 0.065729, 0.071501, 0.073462, 0.077279, 0.077279, 0.077279, 0.077279, 0.077279, 0.077279, 0.077279, 0.077279, 0.077279, 0.077279, 0.077279, 0.077279, 0.077279, 0.077279, 0.077279, 0.077279, 0.077279, 0.077279, 0.077279, 0.077279, 0.077279, 0.077279, 0.077279, 0.077279, 0.077279, 0.077279, 0.077279, 0.077279, 0.077279, 0.077279, 0.077279, 0.077279, 0.077279, 0.077279, 0.077279, 0.077279, 0.077279, 0.077279, 0.077279, 0.077279, 0.077279, 0.077279, 0.077279, 0.077279, 0.077279, 0.077279]",8,2022-02-20 15:27:04
"[0.077279, 0.077279, 0.077279, 0.077279, 0.077279, 0.077279, 0.077279, 0.077279, 0.077279, 0.077279, 0.077279, 0.077279, 0.077279, 0.077279, 0.077279, 0.077279, 0.077279, 0.077279, 0.077279, 0.077279, 0.077279, 0.077279, 0.077279, 0.077279, 0.077279, 0.077279, 0.077279, 0.077279, 0.077279, 0.077279, 0.077279, 0.077279, 0.077279, 0.077279, 0.077279, 0.077279, 0.077279, 0.077279, 0.077279, 0.077279, 0.077279, 0.077279, 0.077279, 0.077279, 0.077279, 0.077279, 0.077279, 0.077279, 0.077279, 0.077279]",7,2022-02-20 15:28:15
"[0.077279, 0.077279, 0.077279, 0.077279, 0.077279, 0.077279, 0.077279, 0.077279, 0.077279, 0.077279, 0.077279, 0.077279, 0.077279, 0.077279, 0.077279, 0.077279, 0.077279, 0.077279, 0.077279, 0.077279, 0.077279, 0.077279, 0.077279, 0.077279, 0.077279, 0.077279, 0.077279, 0.077279, 0.077279, 0.077279, 0.077279, 0.077279, 0.077279, 0.077279, 0.077279, 0.077279, 0.077279, 0.077279, 0.077279, 0.077279, 0.077279, 0.077279, 0.077279, 0.077279, 0.077279, 0.077279, 0.077279, 0.077279, 0.077279, 0.077279]",6,2022-02-20 15:29:26
"[0.077279, 0.077279, 0.077279, 0.077279, 0.077279, 0.077279, 0.077279, 0.077279, 0.077279, 0.077279, 0.077279, 0.077279, 0.077279, 0.077279, 0.077279, 0.077279, 0.077279, 0.077279, 0.077279, 0.077279, 0.077279, 0.077279, 0.077279, 0.077279, 0.077279, 0.077279, 0.077279, 0.077279, 0.077279, 0.077279, 0.077279, 0.077279, 0.077279, 0.077279, 0.077279, 0.077279, 0.077279, 0.077279, 0.077279, 0.077279, 0.077279, 0.077279, 0.077279, 0.077279, 0.077279, 0.077279, 0.077279, 0.077279, 0.077279, 0.077279]",8,2022-02-20 15:30:36
"[0.077279, 0.077279, 0.077279, 0.077279, 0.077279, 0.077279, 0.077279, 0.077279, 0.077279, 0.077279, 0.077279, 0.077279, 0.077279, 0.077279, 0.077279, 0.077279, 0.077279, 0.077279, 0.077279, 0.077279, 0.077279, 0.077279, 0.077279, 0.077279, 0.077279, 0.077279, 0.077279, 0.077279, 0.077279, 0.077279, 0.077279, 0.077279, 0.077279, 0.077279, 0.077279, 0.077279, 0.077279, 0.077279, 0.077279, 0.077279, 0.077279, 0.077279, 0.077279, 0.077279, 0.077279, 0.077279, 0.077279, 0.077279, 0.077279, 0.077279]",6,2022-02-20 15:31:47
"[0.077279, 0.077279, 0.077279, 0.077279, 0.077279, 0.077279, 0.077279, 0.077279, 0.077279, 0.077279, 0.077279, 0.077279, 0.077279, 0.077279, 0.077279, 0.077279, 0.077279, 0.077279, 0.077279, 0.077279, 0.077279, 0.077279, 0.077279, 0.077279, 0.077279, 0.077279, 0.077279, 0.077279, 0.077279, 0.077279, 0.077279, 0.077279, 0.077279, 0.077279, 0.077279, 0.077279, 0.077279, 0.077279, 0.077279, 0.077279, 0.077279, 0.077279, 0.077279, 0.077279, 0.077279, 0.077279, 0.077279, 0.077279, 0.077279, 0.077279]",9,2022-02-20 15:32:59
"[0.077279, 0.077279, 0.077279, 0.077279, 0.077279, 0.077279, 0.077279, 0.077279, 0.077279, 0.077279, 0.077279, 0.077279, 0.077279, 0.077279, 0.077279, 0.077279, 0.077279, 0.077279, 0.077279, 0.077279, 0.077279, 0.077279, 0.077279, 0.077279, 0.077279, 0.077279, 0.077279, 0.077279, 0.077279, 0.077279, 0.077279, 0.077279, 0.077279, 0.077279, 0.077279, 0.077279, 0.077279, 0.077279, 0.077279, 0.077279, 0.077279, 0.077279, 0.077279, 0.077279, 0.077279, 0.077279, 0.077279, 0.077279, 0.077279, 0.077279]",7,2022-02-20 15:34:09
"[0.077279, 0.077279, 0.077279, 0.077279, 0.077279, 0.077279, 0.077279, 0.077279, 0.077279, 0.077279, 0.077279, 0.077279, 0.077279, 0.077279, 0.077279, 0.077279, 0.077279, 0.077279, 0.077279, 0.077279, 0.077279, 0.077279, 0.077279, 0.077279, 0.077279, 0.077279, 0.077279, 0.077279, 0.077279, 0.077279, 0.077279, 0.077279, 0.077279, 0.077279, 0.077279, 0.077279, 0.077279, 0.077279, 0.077279, 0.077279, 0.077279, 0.077279, 0.077279, 0.077279, 0.077279, 0.077279, 0.077279, 0.077279, 0.077279, 0.077279]",10,2022-02-20 15:35:20
"[0.077279, 0.077279, 0.077279, 0.077279, 0.077279, 0.077279, 0.077279, 0.077279, 0.077279, 0.077279, 0.077279, 0.077279, 0.077279, 0.077279, 0.077279, 0.077279, 0.077279, 0.077279, 0.077279, 0.077279, 0.077279, 0.077279, 0.077279, 0.077279, 0.077279, 0.077279, 0.077279, 0.077279, 0.077279, 0.077279, 0.077279, 0.077279, 0.077279, 0.077279, 0.077279, 0.077279, 0.077279, 0.077279, 0.077279, 0.077279, 0.077279, 0.077279, 0.077279, 0.077279, 0.077279, 0.077279, 0.077279, 0.077279, 0.077279, 0.077279]",3,2022-02-20 15:36:32
"[0.077279, 0.077279, 0.077279, 0.077279, 0.077279, 0.077279, 0.077279, 0.077279, 0.077279, 0.077279, 0.077279, 0.077279, 0.077279, 0.077279, 0.077279, 0.077279, 0.077279, 0.077279, 0.077279, 0.077279, 0.077279, 0.077279, 0.077279, 0.077279, 0.077279, 0.077279, 0.077279, 0.077279, 0.077279, 0.077279, 0.077279, 0.077279, 0.077279, 0.077279, 0.077279, 0.077279, 0.077279, 0.077279, 0.077279, 0.077279, 0.077279, 0.077279, 0.077279, 0.077279, 0.077279, 0.077279, 0.077279, 0.077279, 0.077279, 0.077279]",4,2022-02-20 15:37:43
"[1.08488, 1.16975, 1.23527, 1.30059, 1.36625, 1.4316, 1.50005, 1.50005, 1.50005, 1.50005, 1.50005, 1.50005, 1.50005, 1.50005, 0.0, 0.0, 0.0, 0.0, 0.0, 0.0, 0.0, 0.0, 0.0, 0.0, 0.0, 0.0, 0.0, 0.0, 0.0, 0.0, 0.0, 0.0, 0.0, 0.0, 0.048191, 0.116465, 0.188877, 0.264095, 0.338113, 0.426105, 0.50141, 0.571215, 0.642215, 0.71385, 0.78462, 0.853729, 0.924503, 0.997245, 1.07999, 1.14783]",1,2022-02-20 15:38:54
"[0.708313, 0.779279, 0.8499, 0.914751, 0.985467, 1.05277, 1.13273, 1.20497, 1.2757, 1.33695, 1.40267, 1.467, 1.50002, 1.50002, 1.50002, 1.50002, 1.50002, 1.50002, 1.50002, 1.50002, 1.50002, 1.50002, 0.0, 0.0, 0.0, 0.0, 0.0, 0.0, 0.0, 0.0, 0.0, 0.0, 0.0, 0.0, 0.0, 0.0, 0.0, 0.0, 0.0, 0.0, 0.0, 0.006069, 0.070783, 0.158925, 0.230425, 0.303046, 0.371325, 0.444991, 0.514689, 0.589831]",7,2022-02-20 15:40:04
"[1.11852, 1.3361, 1.41668, 1.50019, 1.50019, 1.50019, 1.50019, 1.50019, 0.0, 0.0, 0.0, 0.0, 0.0, 0.0, 0.0, 0.0, 0.0, 0.0, 0.0, 0.0, 0.0, 0.051009, 0.246406, 0.434142, 0.636272, 0.774638, 0.856578, 0.937535, 1.03553, 1.12775, 1.20944, 1.30317, 1.38578, 1.4631, 1.50012, 1.50012, 1.50012, 1.50012, 1.50012, 1.50012, 1.50012, 1.50012, 0.0, 0.0, 0.0, 0.0, 0.0, 0.0, 0.0, 0.0]",6,2022-02-20 15:49:08
"[0.645062, 0.754972, 0.851498, 0.933736, 1.0285, 1.10198, 1.25132, 1.36055, 1.45412, 1.50027, 1.50027, 1.50027, 1.50027, 1.50027, 1.50027, 1.50027, 0.0, 0.0, 0.0, 0.0, 0.0, 0.0, 0.0, 0.0, 0.0, 0.0, 0.0, 0.0, 0.0, 0.0, 0.0, 0.0, 0.0, 0.137892, 0.225144, 0.311703, 0.386867, 0.470945, 0.568681, 0.650245, 0.738829, 0.862463, 0.936166, 1.02208, 1.14207, 1.20972, 1.27783, 1.37509, 1.45761, 1.50026]",2,2022-02-20 15:54:12
"[0.725731, 0.8099, 0.892763, 0.987614, 1.10198, 1.23776, 1.36055, 1.45412, 1.50027, 1.50027, 1.50027, 1.50027, 1.50027, 1.50027, 1.50027, 0.0, 0.0, 0.0, 0.0, 0.0, 0.0, 0.0, 0.0, 0.0, 0.0, 0.0, 0.0, 0.0, 0.0, 0.0, 0.0, 0.0, 0.083232, 0.167709, 0.255549, 0.341585, 0.441418, 0.527199, 0.623224, 0.738829, 0.810189, 0.890144, 0.977777, 1.08891, 1.1822, 1.26294, 1.37509, 1.44265, 1.50026, 1.50026]",4,2022-02-20 15:54:13
"[0.712329, 0.795805, 0.892763, 0.987614, 1.07118, 1.25132, 1.37293, 1.4679, 1.50027, 1.50027, 1.50027, 1.50027, 1.50027, 1.50027, 1.50027, 0.0, 0.0, 0.0, 0.0, 0.0, 0.0, 0.0, 0.0, 0.0, 0.0, 0.0, 0.0, 0.0, 0.0, 0.0, 0.039614, 0.137892, 0.225144, 0.311703, 0.386867, 0.470945, 0.541437, 0.623224, 0.709404, 0.795953, 0.862463, 0.96227, 1.05133, 1.12948, 1.20972, 1.29073, 1.37509, 1.46771, 1.50026, 1.50026]",3,2022-02-20 15:54:13
"[0.767556, 0.851498, 0.949709, 1.0285, 1.10198, 1.23776, 1.36055, 1.45412, 1.50027, 1.50027, 1.50027, 1.50027, 1.50027, 1.50027, 1.50027, 0.0, 0.0, 0.0, 0.0, 0.0, 0.0, 0.0, 0.0, 0.0, 0.0, 0.0, 0.0, 0.0, 0.0, 0.0, 0.0, 0.039614, 0.167709, 0.255549, 0.341585, 0.427166, 0.513342, 0.599185, 0.681304, 0.752856, 0.85067, 0.936166, 1.00803, 1.08891, 1.16921, 1.26294, 1.37509, 1.44265, 1.50026, 1.50026]",8,2022-02-20 15:54:13
"[0.611718, 0.725731, 0.987614, 1.07118, 1.23776, 1.36055, 1.45412, 1.50027, 1.50027, 1.50027, 1.50027, 1.50027, 1.50027, 1.50027, 0.0, 0.0, 0.0, 0.0, 0.0, 0.0, 0.0, 0.0, 0.0, 0.0, 0.0, 0.0, 0.0, 0.0, 0.0, 0.0, 0.0, 0.083232, 0.167709, 0.255549, 0.355779, 0.441418, 0.513342, 0.599185, 0.681304, 0.766973, 0.85067, 0.936166, 1.03755, 1.10296, 1.19579, 1.29073, 1.37509, 1.44265, 1.50026, 1.50026]",9,2022-02-20 15:54:13
"[0.837475, 0.917957, 1.00039, 1.08732, 1.25132, 1.36055, 1.45412, 1.50027, 1.50027, 1.50027, 1.50027, 1.50027, 1.50027, 1.50027, 0.0, 0.0, 0.0, 0.0, 0.0, 0.0, 0.0, 0.0, 0.0, 0.0, 0.0, 0.0, 0.0, 0.0, 0.0, 0.0, 0.0, 0.110983, 0.197856, 0.26967, 0.355779, 0.455647, 0.541437, 0.623224, 0.709404, 0.795953, 0.862463, 0.96227, 1.05133, 1.12948, 1.20972, 1.27783, 1.37509, 1.45761, 1.50026, 1.50026]",1,2022-02-20 15:54:13
"[0.795805, 0.892763, 0.963647, 1.04247, 1.14222, 1.26491, 1.36055, 1.45412, 1.50027, 1.50027, 1.50027, 1.50027, 1.50027, 1.50027, 1.50027, 0.0, 0.0, 0.0, 0.0, 0.0, 0.0, 0.0, 0.0, 0.0, 0.0, 0.0, 0.0, 0.0, 0.0, 0.0, 0.0, 0.01024, 0.124993, 0.210781, 0.298552, 0.386867, 0.470945, 0.568681, 0.650245, 0.738829, 0.823838, 0.904618, 0.977777, 1.0753, 1.16921, 1.2479, 1.3335, 1.42881, 1.49288, 1.50026]",10,2022-02-20 15:54:13
"[0.892763, 0.987614, 1.05726, 1.14222, 1.26491, 1.36055, 1.4679, 1.50027, 1.50027, 1.50027, 1.50027, 1.50027, 1.50027, 1.50027, 0.0, 0.0, 0.0, 0.0, 0.0, 0.0, 0.0, 0.0, 0.0, 0.0, 0.0, 0.0, 0.0, 0.0, 0.0, 0.0, 0.039614, 0.124993, 0.210781, 0.298552, 0.369894, 0.455647, 0.541437, 0.623224, 0.722606, 0.795953, 0.862463, 0.977777, 1.06302, 1.15491, 1.2479, 1.3335, 1.41777, 1.49288, 1.50026, 1.50026]",7,2022-02-20 15:54:13
"[0.795805, 0.917957, 1.01494, 1.08732, 1.25132, 1.37293, 1.45412, 1.50027, 1.50027, 1.50027, 1.50027, 1.50027, 1.50027, 1.50027, 0.0, 0.0, 0.0, 0.0, 0.0, 0.0, 0.0, 0.0, 0.0, 0.0, 0.0, 0.0, 0.0, 0.0, 0.0, 0.0, 0.0, 0.124993, 0.210781, 0.298552, 0.386867, 0.455647, 0.541437, 0.623224, 0.709404, 0.795953, 0.875212, 0.96227, 1.06302, 1.15491, 1.23491, 1.3335, 1.41777, 1.49288, 1.50026, 1.50026]",5,2022-02-20 15:54:13
"[0.754972, 0.837475, 0.917957, 1.0285, 1.10198, 1.25132, 1.36055, 1.45412, 1.50027, 1.50027, 1.50027, 1.50027, 1.50027, 1.50027, 1.50027, 0.0, 0.0, 0.0, 0.0, 0.0, 0.0, 0.0, 0.0, 0.0, 0.0, 0.0, 0.0, 0.0, 0.0, 0.0, 0.0, 0.0, 0.124993, 0.210781, 0.311703, 0.412694, 0.541437, 0.623224, 0.709404, 0.795953, 0.875212, 0.977777, 1.08891, 1.16921, 1.23491, 1.31963, 1.41777, 1.49288, 1.50026, 1.50026]",6,2022-02-20 15:54:13
"[1.45321, 1.50019, 1.50019, 1.50019, 1.50019, 1.50019, 1.50019, 1.50019, 0.0, 0.0, 0.0, 0.0, 0.0, 0.0, 0.0, 0.0, 0.0, 0.0, 0.0, 0.0, 0.0, 0.0, 0.0, 0.0, 0.0, 0.081225, 0.168279, 0.258697, 0.344195, 0.445784, 0.526936, 0.611224, 0.708299, 0.804146, 0.87086, 0.955565, 1.0258, 1.10438, 1.18512, 1.26531, 1.36006, 1.44319, 1.50012, 1.50012, 1.50012, 1.50012, 1.50012, 1.50012, 1.50012, 1.50012]",9,2022-02-20 15:55:26
"[1.50019, 1.50019, 1.50019, 1.50019, 1.50019, 1.50019, 1.50019, 1.50019, 0.0, 0.0, 0.0, 0.0, 0.0, 0.0, 0.0, 0.0, 0.0, 0.0, 0.0, 0.0, 0.0, 0.0, 0.0, 0.0, 0.051955, 0.140059, 0.214122, 0.315683, 0.417369, 0.494459, 0.585305, 0.66714, 0.778097, 0.857604, 0.942058, 1.0258, 1.10438, 1.18512, 1.27693, 1.36006, 1.44319, 1.50012, 1.50012, 1.50012, 1.50012, 1.50012, 1.50012, 1.50012, 1.50012, 0.0]",8,2022-02-20 15:55:26
"[1.50019, 1.50019, 1.50019, 1.50019, 1.50019, 1.50019, 1.50019, 0.0, 0.0, 0.0, 0.0, 0.0, 0.0, 0.0, 0.0, 0.0, 0.0, 0.0, 0.0, 0.0, 0.0, 0.0, 0.0, 0.0, 0.066395, 0.153309, 0.22885, 0.344195, 0.431032, 0.526936, 0.626249, 0.694195, 0.778097, 0.857604, 0.942058, 1.0258, 1.10438, 1.18512, 1.27693, 1.36006, 1.44319, 1.50012, 1.50012, 1.50012, 1.50012, 1.50012, 1.50012, 1.50012, 1.50012, 0.0]",4,2022-02-20 15:55:26
"[1.45321, 1.50019, 1.50019, 1.50019, 1.50019, 1.50019, 1.50019, 1.50019, 0.0, 0.0, 0.0, 0.0, 0.0, 0.0, 0.0, 0.0, 0.0, 0.0, 0.0, 0.0, 0.0, 0.0, 0.0, 0.0, 0.051955, 0.125052, 0.214122, 0.315683, 0.386963, 0.494459, 0.585305, 0.66714, 0.778097, 0.843786, 0.942058, 1.0258, 1.11853, 1.21107, 1.29116, 1.37446, 1.47159, 1.50012, 1.50012, 1.50012, 1.50012, 1.50012, 1.50012, 1.50012, 1.50012, 0.0]",2,2022-02-20 15:55:26
"[1.50019, 1.50019, 1.50019, 1.50019, 1.50019, 1.50019, 1.50019, 0.0, 0.0, 0.0, 0.0, 0.0, 0.0, 0.0, 0.0, 0.0, 0.0, 0.0, 0.0, 0.0, 0.0, 0.0, 0.0, 0.03816, 0.125052, 0.22885, 0.315683, 0.402191, 0.494459, 0.585305, 0.66714, 0.748718, 0.830981, 0.927241, 1.0258, 1.10438, 1.18512, 1.27693, 1.36006, 1.44319, 1.50012, 1.50012, 1.50012, 1.50012, 1.50012, 1.50012, 1.50012, 1.50012, 1.50012, 0.0]",5,2022-02-20 15:55:26
"[1.45321, 1.50019, 1.50019, 1.50019, 1.50019, 1.50019, 1.50019, 0.0, 0.0, 0.0, 0.0, 0.0, 0.0, 0.0, 0.0, 0.0, 0.0, 0.0, 0.0, 0.0, 0.0, 0.0, 0.0, 0.066395, 0.183998, 0.272005, 0.358502, 0.445784, 0.542628, 0.626249, 0.708299, 0.792676, 0.885515, 0.955565, 1.05322, 1.11853, 1.21107, 1.27693, 1.36006, 1.44319, 1.50012, 1.50012, 1.50012, 1.50012, 1.50012, 1.50012, 1.50012, 1.50012, 1.50012, 0.0]",3,2022-02-20 15:55:26
"[1.50019, 1.50019, 1.50019, 1.50019, 1.50019, 1.50019, 0.0, 0.0, 0.0, 0.0, 0.0, 0.0, 0.0, 0.0, 0.0, 0.0, 0.0, 0.0, 0.0, 0.0, 0.0, 0.0, 0.0, 0.066395, 0.153309, 0.244093, 0.328374, 0.431032, 0.542628, 0.626249, 0.694195, 0.792676, 0.87086, 0.968991, 1.06526, 1.13301, 1.22543, 1.30347, 1.38828, 1.47159, 1.50012, 1.50012, 1.50012, 1.50012, 1.50012, 1.50012, 1.50012, 1.50012, 0.0, 0.0]",10,2022-02-20 15:55:26
"[1.50019, 1.50019, 1.50019, 1.50019, 1.50019, 0.0, 0.0, 0.0, 0.0, 0.0, 0.0, 0.0, 0.0, 0.0, 0.0, 0.0, 0.0, 0.0, 0.0, 0.0, 0.0, 0.0, 0.066395, 0.140059, 0.22885, 0.315683, 0.386963, 0.50917, 0.598192, 0.66714, 0.763307, 0.857604, 0.942058, 1.0258, 1.11853, 1.18512, 1.26531, 1.36006, 1.42889, 1.50012, 1.50012, 1.50012, 1.50012, 1.50012, 1.50012, 1.50012, 1.50012, 0.0, 0.0, 0.0]",1,2022-02-20 15:55:26
"[1.50019, 1.50019, 1.50019, 1.50019, 1.50019, 1.50019, 0.0, 0.0, 0.0, 0.0, 0.0, 0.0, 0.0, 0.0, 0.0, 0.0, 0.0, 0.0, 0.0, 0.0, 0.0, 0.0, 0.03816, 0.125052, 0.214122, 0.315683, 0.386963, 0.494459, 0.598192, 0.66714, 0.748718, 0.830981, 0.942058, 1.0258, 1.11853, 1.18512, 1.27693, 1.36006, 1.44319, 1.50012, 1.50012, 1.50012, 1.50012, 1.50012, 1.50012, 1.50012, 1.50012, 1.50012, 0.0, 0.0]",7,2022-02-20 15:55:27
"[1.50019, 1.50019, 1.50019, 0.0, 0.0, 0.0, 0.0, 0.0, 0.0, 0.0, 0.0, 0.0, 0.0, 0.0, 0.0, 0.0, 0.0, 0.0, 0.0, 0.051955, 0.140059, 0.214122, 0.315683, 0.417369, 0.494459, 0.598192, 0.66714, 0.748718, 0.843786, 0.955565, 1.03988, 1.11853, 1.18512, 1.26531, 1.34665, 1.42889, 1.50012, 1.50012, 1.50012, 1.50012, 1.50012, 1.50012, 1.50012, 1.50012, 1.50012, 0.0, 0.0, 0.0, 0.0, 0.0]",6,2022-02-20 15:55:28
"[1.50008, 1.50008, 1.50008, 0.0, 0.0, 0.0, 0.0, 0.0, 0.0, 0.0, 0.0, 0.0, 0.0, 0.0, 0.0, 0.0, 0.0, 0.0, 0.0, 0.07888, 0.162573, 0.248109, 0.338551, 0.423468, 0.50804, 0.595288, 0.687495, 0.78497, 0.870329, 0.968856, 1.0502, 1.12729, 1.20538, 1.3242, 1.39319, 1.48432, 1.5, 1.5, 1.5, 1.5, 1.5, 1.5, 1.5, 0.0, 0.0, 0.0, 0.0, 0.0, 0.0, 0.0]",9,2022-02-20 15:56:40
"[1.50008, 1.50008, 0.0, 0.0, 0.0, 0.0, 0.0, 0.0, 0.0, 0.0, 0.0, 0.0, 0.0, 0.0, 0.0, 0.0, 0.0, 0.0, 0.0, 0.07888, 0.176365, 0.263616, 0.365312, 0.452073, 0.537193, 0.636247, 0.715072, 0.78497, 0.883995, 0.981846, 1.08845, 1.17965, 1.25771, 1.3242, 1.39319, 1.48432, 1.5, 1.5, 1.5, 1.5, 1.5, 1.5, 1.5, 0.0, 0.0, 0.0, 0.0, 0.0, 0.0, 0.0]",2,2022-02-20 15:56:40
"[1.50008, 1.50008, 1.50008, 0.0, 0.0, 0.0, 0.0, 0.0, 0.0, 0.0, 0.0, 0.0, 0.0, 0.0, 0.0, 0.0, 0.0, 0.0, 0.0, 0.07888, 0.176365, 0.263616, 0.365312, 0.452073, 0.565645, 0.648455, 0.729159, 0.857473, 0.940592, 1.02223, 1.12729, 1.20538, 1.28599, 1.37881, 1.45972, 1.5, 1.5, 1.5, 1.5, 1.5, 1.5, 1.5, 1.5, 0.0, 0.0, 0.0, 0.0, 0.0, 0.0, 0.0]",8,2022-02-20 15:56:40
"[1.50008, 0.0, 0.0, 0.0, 0.0, 0.0, 0.0, 0.0, 0.0, 0.0, 0.0, 0.0, 0.0, 0.0, 0.0, 0.0, 0.0, 0.040397, 0.119876, 0.20621, 0.292101, 0.378791, 0.466708, 0.537193, 0.636247, 0.715072, 0.78497, 0.870329, 0.954063, 1.03644, 1.12729, 1.20538, 1.28599, 1.36419, 1.44645, 1.5, 1.5, 1.5, 1.5, 1.5, 1.5, 1.5, 1.5, 0.0, 0.0, 0.0, 0.0, 0.0, 0.0, 0.0]",5,2022-02-20 15:56:40
"[1.50008, 1.50008, 0.0, 0.0, 0.0, 0.0, 0.0, 0.0, 0.0, 0.0, 0.0, 0.0, 0.0, 0.0, 0.0, 0.0, 0.0, 0.0, 0.07888, 0.146156, 0.248109, 0.338551, 0.423468, 0.522604, 0.607647, 0.687495, 0.78497, 0.883995, 0.968856, 1.0502, 1.12729, 1.20538, 1.28599, 1.36419, 1.45972, 1.5, 1.5, 1.5, 1.5, 1.5, 1.5, 1.5, 1.5, 0.0, 0.0, 0.0, 0.0, 0.0, 0.0, 0.0]",4,2022-02-20 15:56:40
"[1.50008, 1.50008, 0.0, 0.0, 0.0, 0.0, 0.0, 0.0, 0.0, 0.0, 0.0, 0.0, 0.0, 0.0, 0.0, 0.0, 0.0, 0.07888, 0.162573, 0.248109, 0.351876, 0.452073, 0.522604, 0.607647, 0.687495, 0.78497, 0.870329, 0.954063, 1.03644, 1.12729, 1.20538, 1.28599, 1.36419, 1.44645, 1.5, 1.5, 1.5, 1.5, 1.5, 1.5, 1.5, 1.5, 0.0, 0.0, 0.0, 0.0, 0.0, 0.0, 0.0, 0.0]",10,2022-02-20 15:56:40
"[1.50008, 1.50008, 0.0, 0.0, 0.0, 0.0, 0.0, 0.0, 0.0, 0.0, 0.0, 0.0, 0.0, 0.0, 0.0, 0.0, 0.0, 0.07888, 0.162573, 0.248109, 0.338551, 0.423468, 0.50804, 0.623379, 0.700208, 0.78497, 0.857473, 0.940592, 1.02223, 1.10259, 1.19286, 1.25771, 1.33768, 1.41982, 1.5, 1.5, 1.5, 1.5, 1.5, 1.5, 1.5, 1.5, 0.0, 0.0, 0.0, 0.0, 0.0, 0.0, 0.0, 0.0]",3,2022-02-20 15:56:41
"[0.0, 0.0, 0.0, 0.0, 0.0, 0.0, 0.0, 0.0, 0.0, 0.0, 0.0, 0.0, 0.0, 0.0, 0.07888, 0.146156, 0.233242, 0.338551, 0.423468, 0.50804, 0.595288, 0.67404, 0.78497, 0.857473, 0.968856, 1.06237, 1.15241, 1.23212, 1.31169, 1.39319, 1.45972, 1.5, 1.5, 1.5, 1.5, 1.5, 1.5, 1.5, 1.5, 0.0, 0.0, 0.0, 0.0, 0.0, 0.0, 0.0, 0.0, 0.0, 0.0, 0.0]",1,2022-02-20 15:56:42
"[0.0, 0.0, 0.0, 0.0, 0.0, 0.0, 0.0, 0.0, 0.0, 0.0, 0.0, 0.0, 0.0, 0.0, 0.0, 0.054031, 0.146156, 0.233242, 0.338551, 0.423468, 0.522604, 0.607647, 0.687495, 0.78497, 0.870329, 0.954063, 1.07605, 1.15241, 1.24509, 1.3242, 1.40602, 1.48432, 1.5, 1.5, 1.5, 1.5, 1.5, 1.5, 1.5, 0.0, 0.0, 0.0, 0.0, 0.0, 0.0, 0.0, 0.0, 0.0, 0.0, 0.0]",7,2022-02-20 15:56:42
"[0.0, 0.0, 0.0, 0.0, 0.0, 0.0, 0.0, 0.0, 0.0, 0.0, 0.066992, 0.146156, 0.233242, 0.338551, 0.423468, 0.50804, 0.595288, 0.660354, 0.78497, 0.857473, 0.954063, 1.03644, 1.14009, 1.21874, 1.31169, 1.39319, 1.48432, 1.5, 1.5, 1.5, 1.5, 1.5, 1.5, 1.5, 0.0, 0.0, 0.0, 0.0, 0.0, 0.0, 0.0, 0.0, 0.0, 0.0, 0.0, 0.0, 0.039749, 0.198031, 0.62441, 0.90531]",6,2022-02-20 15:56:45
"[0.0, 0.0, 0.0, 0.0, 0.0, 0.0, 0.0, 0.0, 0.0, 0.0, 0.079978, 0.209453, 0.296532, 0.396871, 0.497299, 0.573153, 0.673124, 0.812627, 0.898524, 0.995476, 1.20283, 1.49823, 1.50017, 1.50017, 1.50017, 1.50017, 1.50017, 1.50017, 1.50017, 0.0, 0.0, 0.0, 0.0, 0.0, 0.0, 0.0, 0.0, 0.0, 0.0, 0.0, 0.0, 0.0, 0.0, 0.0, 0.0, 0.069598, 0.186785, 0.260398, 0.368086, 0.459139]",2,2022-02-20 15:57:56
"[0.0, 0.0, 0.0, 0.0, 0.0, 0.0, 0.0, 0.0, 0.079978, 0.195559, 0.296532, 0.381842, 0.467518, 0.573153, 0.700974, 0.785353, 0.867417, 0.953659, 1.03833, 1.20283, 1.485, 1.50017, 1.50017, 1.50017, 1.50017, 1.50017, 1.50017, 1.50017, 0.0, 0.0, 0.0, 0.0, 0.0, 0.0, 0.0, 0.0, 0.0, 0.0, 0.0, 0.0, 0.0, 0.0, 0.0, 0.0, 0.054667, 0.142553, 0.233091, 0.322281, 0.414747, 0.503394]",10,2022-02-20 15:57:56
"[0.0, 0.0, 0.0, 0.0, 0.0, 0.0, 0.0, 0.0, 0.093382, 0.162918, 0.266264, 0.353971, 0.439874, 0.545792, 0.730517, 0.82739, 0.911882, 0.995476, 1.20283, 1.485, 1.50017, 1.50017, 1.50017, 1.50017, 1.50017, 1.50017, 1.50017, 0.0, 0.0, 0.0, 0.0, 0.0, 0.0, 0.0, 0.0, 0.0, 0.0, 0.0, 0.0, 0.0, 0.0, 0.0, 0.0, 0.054667, 0.142553, 0.233091, 0.322281, 0.414747, 0.489957, 0.576876]",8,2022-02-20 15:57:56
"[0.0, 0.0, 0.0, 0.0, 0.0, 0.0, 0.0, 0.0, 0.066873, 0.148137, 0.281307, 0.396871, 0.51221, 0.587076, 0.673124, 0.812627, 0.898524, 0.995476, 1.21808, 1.485, 1.50017, 1.50017, 1.50017, 1.50017, 1.50017, 1.50017, 1.50017, 0.0, 0.0, 0.0, 0.0, 0.0, 0.0, 0.0, 0.0, 0.0, 0.0, 0.0, 0.0, 0.0, 0.0, 0.0, 0.0, 0.069598, 0.201307, 0.292478, 0.414747, 0.503394, 0.621577, 0.740081]",5,2022-02-20 15:57:56
"[0.0, 0.0, 0.0, 0.0, 0.0, 0.0, 0.0, 0.025466, 0.106573, 0.209453, 0.353971, 0.482133, 0.600877, 0.744289, 0.8415, 0.925463, 1.03833, 1.20283, 1.485, 1.50017, 1.50017, 1.50017, 1.50017, 1.50017, 1.50017, 1.50017, 0.0, 0.0, 0.0, 0.0, 0.0, 0.0, 0.0, 0.0, 0.0, 0.0, 0.0, 0.0, 0.0, 0.0, 0.0, 0.012749, 0.085121, 0.201307, 0.292478, 0.383164, 0.459139, 0.547593, 0.634917, 0.799238]",9,2022-02-20 15:57:57
"[0.0, 0.0, 0.0, 0.0, 0.0, 0.0, 0.0, 0.0, 0.106573, 0.209453, 0.396871, 0.51221, 0.629539, 0.744289, 0.82739, 0.925463, 1.03833, 1.20283, 1.485, 1.50017, 1.50017, 1.50017, 1.50017, 1.50017, 1.50017, 1.50017, 0.0, 0.0, 0.0, 0.0, 0.0, 0.0, 0.0, 0.0, 0.0, 0.0, 0.0, 0.0, 0.0, 0.0, 0.0, 0.024846, 0.114212, 0.201307, 0.292478, 0.383164, 0.474454, 0.576876, 0.666545, 0.783238]",4,2022-02-20 15:57:57
"[0.0, 0.0, 0.0, 0.0, 0.0, 0.0, 0.025466, 0.134594, 0.2523, 0.381842, 0.482133, 0.587076, 0.714949, 0.812627, 0.898524, 0.995476, 1.20283, 1.485, 1.50017, 1.50017, 1.50017, 1.50017, 1.50017, 1.50017, 1.50017, 0.0, 0.0, 0.0, 0.0, 0.0, 0.0, 0.0, 0.0, 0.0, 0.0, 0.0, 0.0, 0.0, 0.0, 0.0, 0.0, 0.054667, 0.142553, 0.233091, 0.322281, 0.429503, 0.503394, 0.605721, 0.681514, 0.799238]",3,2022-02-20 15:57:57
"[0.0, 0.0, 0.0, 0.066873, 0.162918, 0.281307, 0.381842, 0.482133, 0.573153, 0.700974, 0.812627, 0.898524, 0.995476, 1.20283, 1.49823, 1.50017, 1.50017, 1.50017, 1.50017, 1.50017, 1.50017, 1.50017, 0.0, 0.0, 0.0, 0.0, 0.0, 0.0, 0.0, 0.0, 0.0, 0.0, 0.0, 0.0, 0.0, 0.0, 0.0, 0.0, 0.054667, 0.157196, 0.246245, 0.322281, 0.443475, 0.533216, 0.621577, 0.708835, 0.799238, 0.923269, 1.06259, 1.14595]",7,2022-02-20 15:57:58
"[0.0, 0.066873, 0.209453, 0.296532, 0.396871, 0.51221, 0.614031, 0.744289, 0.812627, 0.898524, 0.995476, 1.20283, 1.49823, 1.50017, 1.50017, 1.50017, 1.50017, 1.50017, 1.50017, 1.50017, 0.0, 0.0, 0.0, 0.0, 0.0, 0.0, 0.0, 0.0, 0.0, 0.0, 0.0, 0.0, 0.0, 0.0, 0.0, 0.0, 0.085121, 0.201307, 0.292478, 0.398535, 0.489957, 0.576876, 0.666545, 0.753873, 0.85515, 0.952753, 1.05068, 1.24446, 1.46208, 1.50023]",1,2022-02-20 15:58:00
"[0.8415, 0.940506, 1.03833, 1.20283, 1.49823, 1.50017, 1.50017, 1.50017, 1.50017, 1.50017, 1.50017, 1.50017, 0.0, 0.0, 0.0, 0.0, 0.0, 0.0, 0.0, 0.0, 0.0, 0.0, 0.0, 0.0, 0.0, 0.0, 0.0, 0.0, 0.054667, 0.142553, 0.246245, 0.322281, 0.414747, 0.503394, 0.605721, 0.726064, 0.812395, 0.923269, 1.03636, 1.24446, 1.36349, 1.50023, 1.50023, 1.50023, 0.0, 0.0, 0.0, 0.0, 0.0, 0.0]",6,2022-02-20 15:58:04
"[0.588806, 0.79085, 0.884478, 1.04242, 1.1377, 1.22019, 1.38277, 1.44567, 1.5003, 1.5003, 1.5003, 1.5003, 1.5003, 1.5003, 0.0, 0.0, 0.0, 0.0, 0.0, 0.0, 0.0, 0.0, 0.0, 0.0, 0.0, 0.0, 0.0, 0.0, 0.0, 0.063128, 0.152732, 0.239062, 0.307802, 0.391095, 0.462887, 0.550133, 0.634357, 0.719673, 0.81565, 0.887495, 0.985061, 1.06566, 1.15083, 1.23194, 1.32897, 1.39194, 1.47704, 1.50038, 1.50038, 1.50038]",2,2022-02-20 15:59:11
"[0.483367, 0.648396, 0.828899, 0.96433, 1.1377, 1.27077, 1.39514, 1.48675, 1.5003, 1.5003, 1.5003, 1.5003, 1.5003, 1.5003, 0.0, 0.0, 0.0, 0.0, 0.0, 0.0, 0.0, 0.0, 0.0, 0.0, 0.0, 0.0, 0.0, 0.036891, 0.122072, 0.21009, 0.292118, 0.362593, 0.462887, 0.56374, 0.648507, 0.732501, 0.801605, 0.887495, 0.973009, 1.06566, 1.15083, 1.23194, 1.32897, 1.39194, 1.47704, 1.50038, 1.50038, 1.50038, 1.50038, 1.50038]",10,2022-02-20 15:59:11
"[0.803571, 0.884478, 0.999686, 1.12339, 1.20724, 1.35454, 1.45933, 1.5003, 1.5003, 1.5003, 1.5003, 1.5003, 1.5003, 0.0, 0.0, 0.0, 0.0, 0.0, 0.0, 0.0, 0.0, 0.0, 0.0, 0.0, 0.0, 0.0, 0.0, 0.050741, 0.136723, 0.223924, 0.307802, 0.391095, 0.462887, 0.550133, 0.648507, 0.732501, 0.81565, 0.902637, 0.985061, 1.06566, 1.15083, 1.23194, 1.31513, 1.39194, 1.47704, 1.50038, 1.50038, 1.50038, 1.50038, 1.50038]",3,2022-02-20 15:59:11
"[0.897912, 1.09678, 1.20724, 1.38277, 1.48675, 1.5003, 1.5003, 1.5003, 1.5003, 1.5003, 0.0, 0.0, 0.0, 0.0, 0.0, 0.0, 0.0, 0.0, 0.0, 0.0, 0.0, 0.0, 0.0, 0.0, 0.036891, 0.122072, 0.223924, 0.307802, 0.391095, 0.477497, 0.577245, 0.662987, 0.745944, 0.843981, 0.918528, 1.01129, 1.09484, 1.17816, 1.25997, 1.32897, 1.40575, 1.49184, 1.50038, 1.50038, 1.50038, 1.50038, 1.50038, 1.50038, 1.50038, 0.0]",5,2022-02-20 15:59:13
"[0.96433, 1.09678, 1.25734, 1.39514, 1.5003, 1.5003, 1.5003, 1.5003, 1.5003, 0.0, 0.0, 0.0, 0.0, 0.0, 0.0, 0.0, 0.0, 0.0, 0.0, 0.0, 0.0, 0.0, 0.063128, 0.152732, 0.239062, 0.334736, 0.419534, 0.507689, 0.590957, 0.678078, 0.759057, 0.858545, 0.944073, 1.0248, 1.13827, 1.20365, 1.28652, 1.3665, 1.44842, 1.50038, 1.50038, 1.50038, 1.50038, 1.50038, 1.50038, 1.50038, 1.50038, 0.0, 0.0, 0.0]",9,2022-02-20 15:59:14
"[1.5003, 1.5003, 1.5003, 1.5003, 1.5003, 1.5003, 1.5003, 0.0, 0.0, 0.0, 0.0, 0.0, 0.0, 0.0, 0.0, 0.0, 0.0, 0.0, 0.0, 0.0, 0.0, 0.07736, 0.16699, 0.251688, 0.334736, 0.419534, 0.521941, 0.605307, 0.691684, 0.77374, 0.858545, 0.931915, 1.0248, 1.11021, 1.19124, 1.28652, 1.39194, 1.47704, 1.50038, 1.50038, 1.50038, 1.50038, 1.50038, 1.50038, 1.50038, 0.0, 0.0, 0.0, 0.0, 0.0]",7,2022-02-20 15:59:14
"[1.09678, 1.23206, 1.39514, 1.5003, 1.5003, 1.5003, 1.5003, 1.5003, 1.5003, 1.5003, 0.0, 0.0, 0.0, 0.0, 0.0, 0.0, 0.0, 0.0, 0.0, 0.0, 0.0, 0.0, 0.0, 0.011154, 0.107241, 0.194569, 0.278981, 0.362593, 0.462887, 0.56374, 0.648507, 0.732501, 0.829557, 0.918528, 0.998099, 1.09484, 1.17816, 1.25997, 1.32897, 1.43464, 1.50038, 1.50038, 1.50038, 1.50038, 1.50038, 1.50038, 1.50038, 1.50038, 0.0, 0.0]",4,2022-02-20 15:59:14
"[0.79085, 0.92413, 1.02651, 1.16418, 1.44567, 1.5003, 1.5003, 1.5003, 1.5003, 1.5003, 0.0, 0.0, 0.0, 0.0, 0.0, 0.0, 0.0, 0.0, 0.0, 0.0, 0.0, 0.0, 0.036891, 0.136723, 0.223924, 0.307802, 0.391095, 0.462887, 0.56374, 0.648507, 0.745944, 0.829557, 0.918528, 0.998099, 1.09484, 1.20365, 1.28652, 1.39194, 1.49184, 1.50038, 1.50038, 1.50038, 1.50038, 1.50038, 1.50038, 0.0, 0.0, 0.0, 0.0, 0.0]",8,2022-02-20 15:59:15
"[0.0, 0.0, 0.0, 0.0, 0.0, 0.0, 0.0, 0.0, 0.0, 0.0, 0.0, 0.0, 0.011154, 0.107241, 0.21009, 0.292118, 0.391095, 0.462887, 0.550133, 0.648507, 0.745944, 0.81565, 0.918528, 0.998099, 1.09484, 1.17816, 1.25997, 1.32897, 1.42014, 1.49184, 1.50038, 1.50038, 1.50038, 1.50038, 1.50038, 1.50038, 0.0, 0.0, 0.0, 0.0, 0.0, 0.0, 0.0, 0.0, 0.256115, 0.487357, 0.907662, 1.11297, 1.37484, 1.50028]",1,2022-02-20 15:59:21
"[0.0, 0.0, 0.063128, 0.136723, 0.239062, 0.307802, 0.391095, 0.477497, 0.56374, 0.662987, 0.759057, 0.843981, 0.944073, 1.01129, 1.09484, 1.19124, 1.27307, 1.35403, 1.43464, 1.50038, 1.50038, 1.50038, 1.50038, 1.50038, 1.50038, 1.50038, 0.0, 0.0, 0.0, 0.0, 0.0, 0.0, 0.0, 0.0, 0.0, 0.049673, 0.242614, 0.501621, 0.64742, 0.855819, 1.01657, 1.26408, 1.50028, 1.50028, 1.50028, 1.50028, 0.0, 0.0, 0.0, 0.0]",6,2022-02-20 15:59:25
"[1.44936, 1.50029, 1.50029, 1.50029, 0.0, 0.0, 0.0, 0.0, 0.0, 0.0, 0.0, 0.0, 0.0, 0.0, 0.0, 0.0, 0.0, 0.074271, 0.187394, 0.29983, 0.49748, 0.616, 0.729764, 0.882401, 1.00558, 1.12854, 1.22629, 1.31934, 1.41287, 1.50023, 1.50023, 1.50023, 1.50023, 1.50023, 1.50023, 1.50023, 1.50023, 0.0, 0.0, 0.0, 0.0, 0.0, 0.0, 0.0, 0.0, 0.0, 0.0, 0.0, 0.0, 0.0]",2,2022-02-20 16:00:27
"[1.47769, 1.50029, 1.50029, 1.50029, 0.0, 0.0, 0.0, 0.0, 0.0, 0.0, 0.0, 0.0, 0.0, 0.0, 0.0, 0.0, 0.074271, 0.173563, 0.255824, 0.370042, 0.51206, 0.616, 0.729764, 0.826633, 0.909732, 1.03282, 1.116, 1.22629, 1.33246, 1.42725, 1.50023, 1.50023, 1.50023, 1.50023, 1.50023, 1.50023, 1.50023, 1.50023, 0.0, 0.0, 0.0, 0.0, 0.0, 0.0, 0.0, 0.0, 0.0, 0.0, 0.0, 0.0]",3,2022-02-20 16:00:27
"[1.50029, 1.50029, 1.50029, 1.50029, 0.0, 0.0, 0.0, 0.0, 0.0, 0.0, 0.0, 0.0, 0.0, 0.0, 0.0, 0.044608, 0.129424, 0.216579, 0.314543, 0.455843, 0.571199, 0.673206, 0.770533, 0.895093, 0.991901, 1.07706, 1.185, 1.31934, 1.41287, 1.50023, 1.50023, 1.50023, 1.50023, 1.50023, 1.50023, 1.50023, 1.50023, 0.0, 0.0, 0.0, 0.0, 0.0, 0.0, 0.0, 0.0, 0.0, 0.0, 0.0, 0.0, 0.0]",10,2022-02-20 16:00:27
"[0.0, 0.0, 0.0, 0.0, 0.0, 0.0, 0.0, 0.0, 0.044608, 0.129424, 0.229527, 0.328175, 0.413757, 0.571199, 0.673206, 0.770533, 0.895093, 1.01879, 1.116, 1.21194, 1.31934, 1.41287, 1.50023, 1.50023, 1.50023, 1.50023, 1.50023, 1.50023, 1.50023, 1.50023, 0.0, 0.0, 0.0, 0.0, 0.0, 0.0, 0.0, 0.0, 0.0, 0.0, 0.0, 0.0, 0.0, 0.0, 0.0, 0.143808, 0.214317, 0.32206, 0.424011, 0.528542]",7,2022-02-20 16:00:30
"[0.0, 0.0, 0.0, 0.0, 0.0, 0.0, 0.0, 0.0, 0.031829, 0.129424, 0.216579, 0.314543, 0.398727, 0.483816, 0.571199, 0.702502, 0.826633, 0.909732, 1.03282, 1.116, 1.22629, 1.31934, 1.45549, 1.50023, 1.50023, 1.50023, 1.50023, 1.50023, 1.50023, 0.0, 0.0, 0.0, 0.0, 0.0, 0.0, 0.0, 0.0, 0.0, 0.0, 0.0, 0.0, 0.0, 0.0, 0.143808, 0.273927, 0.528542, 0.618999, 0.850439, 1.05901, 1.35623]",5,2022-02-20 16:00:33
"[0.0, 0.0, 0.0, 0.0, 0.0, 0.0, 0.0, 0.0, 0.0, 0.031829, 0.173563, 0.314543, 0.455843, 0.642876, 0.743572, 0.826633, 0.952319, 1.116, 1.24042, 1.31934, 1.41287, 1.50023, 1.50023, 1.50023, 1.50023, 1.50023, 1.50023, 0.0, 0.0, 0.0, 0.0, 0.0, 0.0, 0.0, 0.0, 0.0, 0.0, 0.0, 0.0, 0.0, 0.0, 0.059895, 0.290798, 0.559585, 0.714084, 0.877664, 1.2417, 1.50004, 1.50004, 1.50004]",9,2022-02-20 16:00:34
"[0.0, 0.0, 0.0, 0.031829, 0.129424, 0.343295, 0.483816, 0.616, 0.743572, 0.869277, 0.991901, 1.12854, 1.22629, 1.31934, 1.45549, 1.50023, 1.50023, 1.50023, 1.50023, 1.50023, 1.50023, 1.50023, 0.0, 0.0, 0.0, 0.0, 0.0, 0.0, 0.0, 0.0, 0.0, 0.0, 0.0, 0.0, 0.0, 0.0, 0.059895, 0.214317, 0.379662, 0.528542, 0.673339, 1.03259, 1.18663, 1.29473, 1.50004, 1.50004, 1.50004, 1.50004, 0.0, 0.0]",8,2022-02-20 16:00:35
"[0.0, 0.0, 0.0, 0.0, 0.0, 0.058987, 0.14423, 0.314543, 0.483816, 0.616, 0.770533, 0.895093, 1.03282, 1.14153, 1.21194, 1.31934, 1.46774, 1.50023, 1.50023, 1.50023, 1.50023, 1.50023, 0.0, 0.0, 0.0, 0.0, 0.0, 0.0, 0.0, 0.0, 0.0, 0.0, 0.0, 0.0, 0.0, 0.0, 0.0, 0.129477, 0.32206, 0.673339, 0.769968, 0.962868, 1.15991, 1.41429, 1.50004, 1.50004, 1.50004, 1.50004, 0.0, 0.0]",4,2022-02-20 16:00:38
"[1.50023, 1.50023, 1.50023, 1.50023, 1.50023, 1.50023, 0.0, 0.0, 0.0, 0.0, 0.0, 0.0, 0.0, 0.0, 0.0, 0.0, 0.0, 0.0, 0.0, 0.0, 0.0, 0.059895, 0.171816, 0.335229, 0.618999, 0.74138, 1.01848, 1.21437, 1.34395, 1.44231, 1.50004, 1.50004, 1.50004, 1.50004, 0.0, 0.0, 0.0, 0.0, 0.0, 0.040337, 0.272586, 0.52993, 1.00416, 1.25084, 1.37031, 1.5001, 1.5001, 1.5001, 1.5001, 0.0]",1,2022-02-20 16:00:46
"[0.0, 0.0, 0.0, 0.0, 0.0, 0.0, 0.0, 0.0, 0.0, 0.0, 0.0, 0.074614, 0.214317, 0.424011, 0.528542, 0.618999, 0.769968, 0.891678, 0.990598, 1.13086, 1.28126, 1.37196, 1.50004, 1.50004, 1.50004, 1.50004, 0.0, 0.0, 0.0, 0.0, 0.0, 0.0, 0.114371, 0.333115, 0.52993, 0.711687, 0.892141, 1.18517, 1.30408, 1.45085, 1.5001, 1.5001, 1.5001, 0.0, 0.0, 0.0, 0.0, 0.0, 0.0, 0.085873]",6,2022-02-20 16:00:49
"[0.0, 0.0, 0.0, 0.0, 0.163806, 0.356476, 0.500611, 0.60359, 0.943969, 1.06999, 1.16613, 1.35355, 1.45656, 1.50039, 1.50039, 1.50039, 1.50039, 1.50039, 1.50039, 0.0, 0.0, 0.0, 0.0, 0.0, 0.0, 0.0, 0.0, 0.0, 0.0, 0.0, 0.0, 0.0, 0.099195, 0.221377, 0.312767, 0.424919, 0.577071, 0.67625, 0.76418, 0.86052, 0.96171, 1.05503, 1.18106, 1.26569, 1.36014, 1.44165, 1.50031, 1.50031, 1.50031, 1.50031]",10,2022-02-20 16:01:45
"[0.0, 0.0, 0.0, 0.030884, 0.251394, 0.456534, 0.572518, 0.691067, 0.803111, 1.01825, 1.12632, 1.26532, 1.45656, 1.50039, 1.50039, 1.50039, 1.50039, 1.50039, 1.50039, 0.0, 0.0, 0.0, 0.0, 0.0, 0.0, 0.0, 0.0, 0.0, 0.0, 0.0, 0.0, 0.0, 0.083962, 0.191411, 0.29958, 0.385017, 0.475106, 0.562412, 0.66367, 0.76418, 0.830524, 0.96171, 1.04183, 1.12575, 1.22281, 1.36014, 1.50031, 1.50031, 1.50031, 1.50031]",2,2022-02-20 16:01:45
"[0.0, 0.0, 0.0, 0.043984, 0.1774, 0.443634, 0.691067, 0.874941, 1.06999, 1.17892, 1.39331, 1.50039, 1.50039, 1.50039, 1.50039, 1.50039, 0.0, 0.0, 0.0, 0.0, 0.0, 0.0, 0.0, 0.0, 0.0, 0.0, 0.0, 0.0, 0.056175, 0.160948, 0.26954, 0.372556, 0.504742, 0.634736, 0.720736, 0.86052, 0.974295, 1.05503, 1.12575, 1.22281, 1.30743, 1.44165, 1.50031, 1.50031, 1.50031, 1.50031, 1.50031, 0.0, 0.0, 0.0]",3,2022-02-20 16:01:48
"[0.500611, 0.70504, 0.861737, 0.990285, 1.13828, 1.26532, 1.36694, 1.45656, 1.50039, 1.50039, 1.50039, 1.50039, 1.50039, 1.50039, 0.0, 0.0, 0.0, 0.0, 0.0, 0.0, 0.0, 0.0, 0.0, 0.0, 0.0, 0.027933, 0.191411, 0.327975, 0.411067, 0.548871, 0.66367, 0.76418, 0.86052, 0.96171, 1.06978, 1.20916, 1.32085, 1.44165, 1.50031, 1.50031, 1.50031, 1.50031, 1.50031, 1.50031, 0.0, 0.0, 0.0, 0.0, 0.0, 0.0]",7,2022-02-20 16:01:49
"[1.50039, 1.50039, 0.0, 0.0, 0.0, 0.0, 0.0, 0.0, 0.0, 0.0, 0.0, 0.0, 0.056175, 0.206272, 0.29958, 0.411067, 0.605617, 0.689921, 0.86052, 0.96171, 1.02878, 1.18106, 1.32085, 1.44165, 1.50031, 1.50031, 1.50031, 1.50031, 1.50031, 0.0, 0.0, 0.0, 0.0, 0.0, 0.045914, 0.187558, 0.521861, 0.652126, 0.890171, 1.23978, 1.50021, 1.50021, 1.50021, 0.0, 0.0, 0.0, 0.0, 0.0, 0.0, 0.0]",9,2022-02-20 16:02:01
"[1.50039, 1.50039, 1.50039, 1.50039, 0.0, 0.0, 0.0, 0.0, 0.0, 0.0, 0.0, 0.0, 0.0, 0.0, 0.083962, 0.191411, 0.29958, 0.411067, 0.634736, 0.76418, 0.86052, 0.96171, 1.09598, 1.26569, 1.48018, 1.50031, 1.50031, 1.50031, 1.50031, 1.50031, 0.0, 0.0, 0.0, 0.0, 0.0, 0.0, 0.059775, 0.387688, 0.667442, 1.18669, 1.32464, 1.50021, 1.50021, 1.50021, 0.0, 0.0, 0.0, 0.0, 0.0, 0.0]",5,2022-02-20 16:02:01
"[0.0, 0.0, 0.0, 0.0, 0.0, 0.0, 0.0, 0.0, 0.0, 0.027933, 0.29958, 0.411067, 0.562412, 0.750682, 0.87439, 1.00021, 1.13983, 1.38683, 1.49317, 1.50031, 1.50031, 1.50031, 1.50031, 1.50031, 0.0, 0.0, 0.0, 0.0, 0.0, 0.0, 0.0, 0.259891, 0.387688, 0.652126, 0.935591, 1.01782, 1.23978, 1.50021, 1.50021, 1.50021, 1.50021, 0.0, 0.0, 0.0, 0.0, 0.0, 0.0, 0.026652, 0.423919, 0.557361]",8,2022-02-20 16:02:03
"[0.041595, 0.145383, 0.28468, 0.372556, 0.475106, 0.577071, 0.67625, 0.792103, 0.931987, 1.02878, 1.18106, 1.38683, 1.50031, 1.50031, 1.50031, 1.50031, 1.50031, 0.0, 0.0, 0.0, 0.0, 0.0, 0.0, 0.0, 0.059775, 0.329176, 0.536783, 0.765842, 1.32464, 1.50021, 1.50021, 1.50021, 0.0, 0.0, 0.0, 0.0, 0.0, 0.0, 0.172027, 0.262442, 0.511748, 0.700399, 0.885595, 1.01193, 1.20544, 1.46755, 1.50035, 0.0, 0.0, 0.0]",4,2022-02-20 16:02:09
"[0.359244, 0.432582, 0.667442, 0.848001, 0.977191, 1.16005, 1.37667, 1.48588, 1.50021, 1.50021, 1.50021, 1.50021, 0.0, 0.0, 0.0, 0.0, 0.0, 0.0, 0.0, 0.0, 0.0, 0.142139, 0.291735, 0.625735, 0.80029, 0.885595, 1.12062, 1.27049, 1.4817, 1.50035, 1.50035, 1.50035, 0.0, 0.0, 0.0, 0.0, 0.0, 0.0, 0.0, 0.0, 0.0, 0.27252, 0.407399, 0.801318, 0.930667, 1.1024, 1.33624, 1.44341, 1.50014, 1.50014]",6,2022-02-20 16:02:17
"[0.0, 0.0, 0.0, 0.0, 0.0, 0.216818, 0.432582, 0.592778, 0.920186, 1.07727, 1.44548, 1.50021, 1.50021, 1.50021, 0.0, 0.0, 0.0, 0.0, 0.0, 0.0, 0.0, 0.247761, 0.468467, 0.759484, 0.911583, 1.23353, 1.4817, 1.50035, 1.50035, 1.50035, 0.0, 0.0, 0.0, 0.0, 0.0, 0.052887, 0.196814, 0.39281, 0.540034, 1.48353, 1.50014, 1.50014, 0.0, 0.0, 0.0, 0.0, 0.155849, 0.399966, 0.618999, 0.86333]",1,2022-02-20 16:02:24
